,name,loc,[응급실]음압격리,[응급실]일반격리,[소아]음압격리,[소아]일반격리,[격리진료구역]음압격리,[격리진료구역]일반격리,[응급전용]입원실음압격리,[응급전용]입원실일반격리,[응급전용]중환자실음압격리,[응급전용]중환자실일반격리,[중환자실]음압격리,[입원실]음압격리,[감염]중환자실,[감염]중환자실내음압격리병상,[감염]중증일반병상,[감염]준-중증일반병상,[감염]중등증일반병상,[감염]코호트격리구역병상,[응급실]음압격리_left,[응급실]일반격리_left,[소아]음압격리_left,[소아]일반격리_left,[격리진료구역]음압격리_left,[격리진료구역]일반격리_left,[응급전용]입원실음압격리_left,[응급전용]입원실일반격리_left,[응급전용]중환자실음압격리_left,[응급전용]중환자실일반격리_left,[중환자실]음압격리_left,[입원실]음압격리_left,[감염]중환자실_left,[감염]중환자실내음압격리병상_left,[감염]중증일반병상_left,[감염]준-중증일반병상_left,[감염]중등증일반병상_left,[감염]코호트격리구역병상_left,경도,위도,시도명,시군구명
0,연세대학교의과대학강남세브란스병원,"서울특별시 강남구 언주로 211, 강남세브란스병원 (도곡동)",1,2,0,0,0,0,0,0,0,0,0,5,0,0,0,0,0,0,1,0,0,0,0,0,0,0,0,0,0,3,0,0,0,0,0,0,127.0463195,37.49209082,서울특별시,강남구
1,삼성서울병원,"서울특별시 강남구 일원로 81 (일원동, 삼성의료원)",8,3,0,0,0,0,0,0,0,0,2,18,0,0,0,0,0,30,6,2,0,0,0,0,0,0,0,0,2,8,0,0,0,0,0,14,127.0878951,37.48932275,서울특별시,강남구
2,강동경희대학교의대병원,서울특별시 강동구 동남로 892 (상일동),2,3,0,0,0,0,0,0,0,0,1,1,10,0,0,0,10,0,1,2,0,0,0,0,0,0,0,0,0,0,2,0,0,0,5,0,127.1576155,37.55355882,서울특별시,강동구
3,성심의료재단강동성심병원,서울특별시 강동구 성안로 150 (길동),1,6,0,0,0,0,0,0,0,0,2,0,7,2,0,2,31,2,1,5,0,0,0,0,0,0,0,0,2,0,2,1,0,1,26,2,127.135336,37.53615563,서울특별시,강동구
4,한국보훈복지의료공단중앙보훈병원,서울특별시 강동구 진황도로61길 53 (둔촌동),0,0,0,0,0,0,0,0,0,0,1,7,20,0,0,0,120,5,0,0,0,0,0,0,0,0,0,0,1,2,18,0,0,0,120,5,127.147206,37.52818872,서울특별시,강동구
5,이화여자대학교의과대학부속서울병원,"서울특별시 강서구 공항대로 260, 이화의대부속서울병원 (마곡동)",2,4,0,0,0,0,0,0,0,0,5,2,0,0,19,30,122,5,0,3,0,0,0,0,0,0,0,0,5,1,0,0,14,25,113,5,126.8362668,37.55726306,서울특별시,강서구
6,부민병원,"서울특별시 강서구 공항대로 389, 부민병원 (등촌동)",1,0,0,0,0,0,0,0,0,0,1,0,0,0,0,0,0,0,1,0,0,0,0,0,0,0,0,0,0,0,0,0,0,0,0,0,126.850906,37.55686449,서울특별시,강서구
7,에이치플러스양지병원,"서울특별시 관악구 남부순환로 1636, 양지병원 (신림동)",1,2,0,0,0,0,0,0,0,0,1,3,13,0,0,37,34,2,0,2,0,0,0,0,0,0,0,0,0,2,10,0,0,20,32,0,126.9323604,37.4842747,서울특별시,관악구
8,건국대학교병원,서울특별시 광진구 능동로 120-1 (화양동),1,2,0,0,0,0,0,0,0,0,0,0,0,6,15,13,0,4,1,0,0,0,0,0,0,0,0,0,0,0,0,4,14,11,0,4,127.0722636,37.54099269,서울특별시,광진구
9,혜민병원,서울특별시 광진구 자양로 85 (자양동),0,0,0,0,0,0,0,0,0,0,0,0,0,0,0,0,0,0,0,0,0,0,0,0,0,0,0,0,0,0,0,0,0,0,0,0,127.0835671,37.53537493,서울특별시,광진구
10,고려대학교의과대학부속구로병원,"서울특별시 구로구 구로동로 148, 고려대부속구로병원 (구로동)",0,0,0,0,5,0,0,0,0,2,6,4,12,0,0,22,0,0,0,0,0,0,0,0,0,0,0,0,1,2,7,0,0,13,0,0,126.8847007,37.491123,서울특별시,구로구
11,구로성심병원,"서울특별시 구로구 경인로 427, 구로성심병원 (고척동)",1,0,0,0,0,0,0,0,0,0,0,0,0,0,0,0,101,0,1,0,0,0,0,0,0,0,0,0,0,0,0,0,0,0,93,0,126.8663584,37.49964749,서울특별시,구로구
12,희명병원,서울특별시 금천구 시흥대로 244 (시흥동),0,1,0,0,3,0,0,0,0,0,1,0,0,0,0,0,0,0,0,1,0,0,3,0,0,0,0,0,1,0,0,0,0,0,0,0,126.9005605,37.45566734,서울특별시,금천구
13,노원을지대학교병원,"서울특별시 노원구 한글비석로 68, 을지병원 (하계동)",1,4,0,0,0,0,0,0,0,0,2,1,0,0,0,0,0,0,1,4,0,0,0,0,0,0,0,0,0,0,0,0,0,0,0,0,127.0699341,37.63643466,서울특별시,노원구
14,인제대학교상계백병원,"서울특별시 노원구 동일로 1342, 상계백병원 (상계동)",1,2,0,0,0,0,0,0,0,0,6,0,0,0,6,2,30,0,0,0,0,0,0,0,0,0,0,0,2,0,0,0,6,2,26,0,127.0631157,37.64858218,서울특별시,노원구
15,한국원자력의학원원자력병원,"서울특별시 노원구 노원로 75, 한국원자력의학원 (공릉동)",1,0,0,0,0,0,0,0,0,0,1,0,0,0,0,0,15,1,1,0,0,0,0,0,0,0,0,0,1,0,0,0,0,0,9,1,127.0818105,37.62826722,서울특별시,노원구
16,의료법인한전의료재단한일병원,"서울특별시 도봉구 우이천로 308, 한일병원 (쌍문동)",1,2,0,0,0,0,0,0,0,0,0,5,0,0,0,0,0,0,1,2,0,0,0,0,0,0,0,0,0,4,0,0,0,0,0,0,127.0295405,37.64538852,서울특별시,도봉구
17,경희대학교병원,서울특별시 동대문구 경희대로 23 (회기동),2,3,0,0,0,0,0,0,0,0,0,0,0,0,21,13,0,0,2,0,0,0,0,0,0,0,0,0,0,0,0,0,21,10,0,0,127.0507402,37.59377356,서울특별시,동대문구
18,삼육서울병원,서울특별시 동대문구 망우로 82 (휘경동),1,2,0,0,0,0,0,0,0,0,1,0,0,0,0,0,21,4,1,0,0,0,0,0,0,0,0,0,1,0,0,0,0,0,13,0,127.0625424,37.58972578,서울특별시,동대문구
19,서울특별시동부병원,서울특별시 동대문구 무학로 124 (용두동),0,0,0,0,0,0,0,0,0,0,0,0,0,0,0,0,114,0,0,0,0,0,0,0,0,0,0,0,0,0,0,0,0,0,114,0,127.0315131,37.57535416,서울특별시,동대문구
20,서울성심병원,"서울특별시 동대문구 왕산로 259, 서울성심병원 (청량리동)",1,0,0,0,0,0,0,0,0,0,0,0,0,0,8,12,44,1,1,0,0,0,0,0,0,0,0,0,0,0,0,0,5,9,42,1,127.0498209,37.58418992,서울특별시,동대문구
21,중앙대학교병원,서울특별시 동작구 흑석로 102 (흑석동),1,2,0,0,0,0,0,0,0,0,1,2,0,0,19,12,0,0,0,0,0,0,0,0,0,0,0,0,0,1,0,0,19,8,0,0,126.9604219,37.50603875,서울특별시,동작구
22,서울특별시보라매병원,서울특별시 동작구 보라매로5길 20 (신대방동),2,3,0,0,0,0,0,0,0,0,4,3,0,0,41,20,35,2,1,0,0,0,0,0,0,0,0,0,2,3,0,0,39,19,34,2,126.9270647,37.49464971,서울특별시,동작구
23,학교법인연세대학교의과대학세브란스병원,서울특별시 서대문구 연세로 50-1 (신촌동),0,0,0,0,2,5,0,0,0,0,2,0,7,54,0,37,0,8,0,0,0,0,1,3,0,0,0,0,0,0,4,37,0,37,0,1,126.9417213,37.56301291,서울특별시,서대문구
24,의료법인동신의료재단동신병원,"서울특별시 서대문구 연희로 272, 동신병원 본관동 (홍은동)",0,1,0,0,0,0,0,0,0,0,0,0,0,0,0,0,0,1,0,1,0,0,0,0,0,0,0,0,0,0,0,0,0,0,0,1,126.936591,37.58118785,서울특별시,서대문구
25,학교법인가톨릭학원가톨릭대학교서울성모병원,서울특별시 서초구 반포대로 222 (반포동),0,0,0,0,7,1,0,0,0,0,22,10,0,0,0,0,0,0,0,0,0,0,0,0,0,0,0,0,18,5,0,0,0,0,0,0,127.0051816,37.49923118,서울특별시,서초구
26,한양대학교병원,서울특별시 성동구 왕십리로 222-1 (사근동),0,0,0,0,6,10,0,0,0,3,2,0,0,0,8,13,13,0,0,0,0,0,6,3,0,0,0,1,1,0,0,0,8,11,11,0,127.0447239,37.55992744,서울특별시,성동구
27,(학)고려대학교의과대학부속병원(안암병원),"서울특별시 성북구 고려대로 73, 고려대병원 (안암동5가)",0,0,0,0,6,2,0,0,2,0,3,2,5,0,21,20,0,0,0,0,0,0,2,1,0,0,0,0,0,2,5,0,12,13,0,0,127.0274683,37.58864642,서울특별시,성북구
28,재단법인아산사회복지재단서울아산병원,"서울특별시 송파구 올림픽로43길 88, 서울아산병원 (풍납동)",0,0,2,1,1,4,0,0,0,6,1,4,10,13,38,41,0,24,0,0,2,0,1,0,0,0,0,4,0,3,8,3,31,21,0,10,127.1070973,37.5254121,서울특별시,송파구
29,경찰병원,"서울특별시 송파구 송이로 123, 국립경찰병원 (가락동)",1,0,0,0,0,0,0,0,0,0,2,41,0,0,0,0,0,2,0,0,0,0,0,0,0,0,0,0,2,39,0,0,0,0,0,2,127.1234875,37.49641466,서울특별시,송파구
30,이화여자대학교의과대학부속목동병원,서울특별시 양천구 안양천로 1071 (목동),0,1,0,0,2,3,0,0,1,1,0,0,0,0,18,16,2,0,0,1,0,0,2,2,0,0,1,1,0,0,0,0,17,2,2,0,126.8867812,37.53704414,서울특별시,양천구
31,홍익병원,"서울특별시 양천구 목동로 225, 홍익병원본관 (신정동)",0,1,0,0,0,0,0,0,0,0,1,1,0,0,0,0,20,0,0,0,0,0,0,0,0,0,0,0,1,1,0,0,0,0,20,0,126.8636417,37.52848284,서울특별시,양천구
32,서울특별시서남병원,서울특별시 양천구 신정이펜1로 20 (신정동),1,2,0,0,0,0,0,0,0,0,1,0,0,0,0,0,39,0,1,2,0,0,0,0,0,0,0,0,1,0,0,0,0,0,19,0,126.8331317,37.51202039,서울특별시,양천구
33,가톨릭대학교여의도성모병원,"서울특별시 영등포구 63로 10, 여의도성모병원 (여의도동)",1,4,0,0,0,0,0,0,0,0,1,0,0,0,3,3,13,0,0,1,0,0,0,0,0,0,0,0,1,0,0,0,1,2,10,0,126.9360028,37.51790475,서울특별시,영등포구
34,성애의료재단성애병원,"서울특별시 영등포구 여의대방로53길 22 (신길동, 성애병원)",1,4,0,0,0,0,0,0,0,0,1,1,0,0,0,0,26,0,0,1,0,0,0,0,0,0,0,0,1,0,0,0,0,0,23,0,126.9223689,37.51205002,서울특별시,영등포구
35,한림대학교강남성심병원,"서울특별시 영등포구 신길로 1 (대림동, 강남성심병원)",1,2,0,0,0,0,0,0,0,0,6,0,0,4,0,12,5,4,0,0,0,0,0,0,0,0,0,0,0,0,0,3,0,8,2,4,126.9086731,37.49324869,서울특별시,영등포구
36,대림성모병원,"서울특별시 영등포구 시흥대로 657 (대림동, 대림성모병원)",0,2,0,0,0,0,0,0,0,0,0,0,0,0,0,0,10,0,0,2,0,0,0,0,0,0,0,0,0,0,0,0,0,0,8,0,126.9071676,37.49069031,서울특별시,영등포구
37,명지성모병원,"서울특별시 영등포구 도림로 156, 명지성모병원 (대림동)",1,1,0,0,0,0,0,0,0,0,1,0,0,0,0,0,0,0,0,0,0,0,0,0,0,0,0,0,1,0,0,0,0,0,0,0,126.8992536,37.49385014,서울특별시,영등포구
38,순천향대학교부속서울병원,서울특별시 용산구 대사관로 59 (한남동),1,2,0,0,0,0,0,0,0,0,0,14,0,2,2,8,0,0,0,2,0,0,0,0,0,0,0,0,0,11,0,0,2,5,0,0,127.0038505,37.53411481,서울특별시,용산구
39,가톨릭대학교은평성모병원,서울특별시 은평구 통일로 1021 (진관동),2,2,0,0,0,0,0,0,0,0,4,5,0,0,1,6,0,3,1,1,0,0,0,0,0,0,0,0,1,1,0,0,0,6,0,3,126.9161521,37.6336095,서울특별시,은평구
40,의료법인청구성심병원,서울특별시 은평구 통일로 873 (갈현동),0,2,0,0,0,0,0,0,0,0,1,0,0,0,0,0,0,0,0,2,0,0,0,0,0,0,0,0,0,0,0,0,0,0,0,0,126.919552,37.62078901,서울특별시,은평구
41,서울대학교병원,서울특별시 종로구 대학로 101 (연건동),0,3,1,1,7,0,0,0,2,1,2,12,40,4,0,38,0,8,0,3,1,1,2,0,0,0,0,0,1,8,34,4,0,22,0,6,126.998354,37.5785473,서울특별시,종로구
42,강북삼성병원,서울특별시 종로구 새문안로 29 (평동),0,0,0,0,1,5,0,0,0,0,3,2,0,0,17,11,0,0,0,0,0,0,0,-1,0,0,0,0,1,2,0,0,15,11,0,0,126.9667927,37.56832056,서울특별시,종로구
43,서울적십자병원,"서울특별시 종로구 새문안로 9, 적십자병원 (평동)",0,0,0,0,0,0,0,0,0,0,0,0,0,0,0,0,175,0,0,0,0,0,0,0,0,0,0,0,0,0,0,0,0,0,145,0,126.9673859,37.56749742,서울특별시,종로구
44,세란병원,서울특별시 종로구 통일로 256 (무악동),0,1,0,0,0,0,0,0,0,0,0,0,0,0,0,0,0,0,0,1,0,0,0,0,0,0,0,0,0,0,0,0,0,0,0,0,126.9577223,37.57536274,서울특별시,종로구
45,국립중앙의료원,서울특별시 중구 을지로 245 (을지로6가),2,3,0,0,0,0,0,0,0,0,0,0,26,0,0,16,216,6,2,2,0,0,0,0,0,0,0,0,0,0,22,0,0,8,104,5,127.0062719,37.56802249,서울특별시,중구
46,인제대학교서울백병원,서울특별시 중구 마른내로 9 (저동2가),1,2,0,0,0,0,0,0,0,0,0,0,12,3,0,0,40,0,1,2,0,0,0,0,0,0,0,0,0,0,6,2,0,0,35,0,126.9888563,37.56508767,서울특별시,중구
47,서울특별시서울의료원,서울특별시 중랑구 신내로 156 (신내동),2,3,0,0,0,0,2,0,2,2,0,3,0,0,0,0,124,0,2,3,0,0,0,0,2,0,2,1,0,3,0,0,0,0,227,0,127.098732,37.61307869,서울특별시,중랑구
48,녹색병원,서울특별시 중랑구 사가정로49길 53 (면목동),3,4,0,0,0,0,0,0,0,0,3,3,0,0,0,0,56,0,3,4,0,0,0,0,0,0,0,0,0,0,0,0,0,0,41,0,127.0860609,37.58356426,서울특별시,중랑구
49,의료법인풍산의료재단동부제일병원,"서울특별시 중랑구 망우로 511 (망우동, 동부제일병원)",0,1,0,0,0,0,0,0,0,0,0,0,0,0,0,0,0,0,0,1,0,0,0,0,0,0,0,0,0,0,0,0,0,0,0,0,127.1095783,37.60086346,서울특별시,중랑구
50,동남권원자력의학원,부산광역시 기장군 장안읍 좌동길 40,1,0,0,0,0,0,0,0,0,0,0,0,0,0,0,0,22,0,1,0,0,0,0,0,0,0,0,0,0,0,0,0,0,0,19,0,129.2431678,35.32185765,부산광역시,기장군
51,(의)서일의료재단기장병원,부산광역시 기장군 기장읍 대청로72번길 6,0,1,0,0,0,0,0,0,0,0,0,0,0,0,0,0,0,0,0,1,0,0,0,0,0,0,0,0,0,0,0,0,0,0,0,0,129.2167271,35.23577924,부산광역시,기장군
52,부산성모병원(재단법인천주교부산교구유지재단),부산광역시 남구 용호로232번길 25-14 (용호동),0,1,0,0,0,0,0,0,0,0,2,2,0,0,0,0,20,4,0,1,0,0,0,0,0,0,0,0,2,1,0,0,0,0,10,4,129.1092834,35.10982062,부산광역시,남구
53,좋은문화병원,부산광역시 동구 범일로 119 (범일동),1,2,0,0,0,0,0,0,0,0,0,2,0,0,0,0,15,0,1,2,0,0,0,0,0,0,0,0,0,2,0,0,0,0,15,0,129.0590486,35.14079058,부산광역시,동구
54,의료법인정화의료재단김원묵기념봉생병원,"부산광역시 동구 중앙대로 401 (좌천동, 봉생병원)",0,2,0,0,0,0,0,0,0,0,0,0,0,0,0,0,21,0,0,2,0,0,0,0,0,0,0,0,0,0,0,0,0,0,14,0,129.0504783,35.13106281,부산광역시,동구
55,대동병원,부산광역시 동래구 충렬대로 187 (명륜동),1,2,0,0,0,0,0,0,0,0,1,1,0,0,0,0,25,0,1,2,0,0,0,0,0,0,0,0,0,1,0,0,0,0,5,0,129.0802019,35.20430713,부산광역시,동래구
56,의료법인광혜의료재단광혜병원,"부산광역시 동래구 충렬대로 96 (온천동, 광혜병원)",0,1,0,0,0,0,0,0,0,0,0,1,0,0,0,0,0,0,0,1,0,0,0,0,0,0,0,0,0,1,0,0,0,0,0,0,129.0711455,35.2069686,부산광역시,동래구
57,동래봉생병원,부산광역시 동래구 안연로109번길 27 (안락동),1,1,0,0,0,0,0,0,0,0,0,0,0,0,0,0,0,0,1,1,0,0,0,0,0,0,0,0,0,0,0,0,0,0,0,0,129.0961139,35.19691158,부산광역시,동래구
58,인제대학교부산백병원,"부산광역시 부산진구 복지로 75, 진사로83번길 81, 1층(일부), 3층 (개금동)",1,2,0,0,0,0,0,0,0,0,1,1,0,0,10,18,0,0,1,0,0,0,0,0,0,0,0,0,0,0,0,0,5,4,0,0,129.0208656,35.14552586,부산광역시,부산진구
59,의료법인온그룹의료재단온종합병원,"부산광역시 부산진구 가야대로 721, 719, 767 (당감동)",1,2,0,0,0,0,0,0,0,0,1,0,0,0,0,0,34,0,1,2,0,0,0,0,0,0,0,0,1,0,0,0,0,0,28,0,129.0495585,35.15809585,부산광역시,부산진구
60,학교법인)동의병원,"부산광역시 부산진구 양정로 62, 지상2ㆍ3ㆍ10층 각 일부/ 지하1ㆍ지상1ㆍ지상4~지상8층 전층 (양정동)",0,1,0,0,0,0,0,0,0,0,0,0,0,0,0,0,22,3,0,0,0,0,0,0,0,0,0,0,0,0,0,0,0,0,21,0,129.0772021,35.16966619,부산광역시,부산진구
61,학교법인 춘해병원,"부산광역시 부산진구 중앙대로 605, 지상1층~지상9층 (범천동)",0,1,0,0,0,0,0,0,0,0,0,0,0,0,0,0,0,0,0,1,0,0,0,0,0,0,0,0,0,0,0,0,0,0,0,0,129.0583812,35.1469504,부산광역시,부산진구
62,구포성심병원,부산광역시 북구 낙동대로 1786 (구포동),0,1,0,0,0,0,0,0,0,0,0,0,0,0,0,0,0,0,0,1,0,0,0,0,0,0,0,0,0,0,0,0,0,0,0,0,129.0045735,35.20967281,부산광역시,북구
63,의료법인인당의료재단부민병원,부산광역시 북구 만덕대로 59 (덕천동),1,1,0,0,0,0,0,0,0,0,1,0,0,0,0,0,6,0,1,1,0,0,0,0,0,0,0,0,1,0,0,0,0,0,3,0,129.011217,35.21196579,부산광역시,북구
64,의료법인은성의료재단좋은삼선병원,부산광역시 사상구 가야대로 326 (주례동),1,2,0,0,0,0,0,0,0,0,0,0,0,0,0,21,0,3,1,1,0,0,0,0,0,0,0,0,0,0,0,0,0,18,0,3,129.0082451,35.15044417,부산광역시,사상구
65,한국보훈복지의료공단부산보훈병원,부산광역시 사상구 백양대로 420 (주례동),1,1,0,0,0,0,0,0,0,0,1,0,0,0,0,0,32,0,1,1,0,0,0,0,0,0,0,0,1,0,0,0,0,0,28,0,129.0062535,35.15361794,부산광역시,사상구
66,동아대학교병원,부산광역시 서구 대신공원로 26 (동대신동3가),0,0,0,0,2,7,1,0,0,4,5,2,8,0,16,14,0,0,0,0,0,0,1,2,1,0,0,1,0,1,8,0,13,10,0,0,129.0180811,35.12045527,부산광역시,서구
67,부산대학교병원,부산광역시 서구 구덕로 179 (아미동1가),1,2,0,0,0,0,0,0,2,0,2,0,0,0,18,44,32,0,1,0,0,0,0,0,0,0,0,0,1,0,0,0,16,40,26,0,129.0192202,35.10105284,부산광역시,서구
68,고신대학교복음병원,부산광역시 서구 감천로 262 (암남동),0,0,0,0,1,4,0,0,0,0,3,2,0,0,10,9,0,0,0,0,0,0,1,2,0,0,0,0,0,0,0,0,10,7,0,0,129.0145132,35.08107769,부산광역시,서구
69,삼육부산병원,부산광역시 서구 대티로 170 (서대신동2가),1,0,0,0,0,0,0,0,0,0,1,0,0,0,0,0,30,2,1,0,0,0,0,0,0,0,0,0,1,0,0,0,0,0,28,2,129.0113282,35.11234846,부산광역시,서구
70,비에이치에스한서병원,부산광역시 수영구 수영로 615 (광안동),1,2,0,0,0,0,0,0,0,0,0,0,0,0,0,0,0,0,0,0,0,0,0,0,0,0,0,0,0,0,0,0,0,0,0,0,129.112919,35.16113892,부산광역시,수영구
71,의료법인은성의료재단좋은강안병원,부산광역시 수영구 수영로 493 (남천동),1,1,0,0,10,0,0,0,0,0,2,1,0,5,0,2,16,0,0,0,0,0,5,0,0,0,0,0,1,0,0,5,0,1,15,0,129.110362,35.14977554,부산광역시,수영구
72,부산광역시의료원,"부산광역시 연제구 월드컵대로 359 (거제동, 1동, 5동일부)",1,1,0,0,0,0,0,0,0,0,0,0,0,5,0,8,118,0,1,1,0,0,0,0,0,0,0,0,0,0,0,3,0,8,85,0,129.0600529,35.18741892,부산광역시,연제구
73,영도병원,부산광역시 영도구 태종로 85 (대교동2가),1,1,0,0,0,0,0,0,0,0,0,0,0,0,0,0,15,0,1,0,0,0,0,0,0,0,0,0,0,0,0,0,0,0,15,0,129.0405244,35.09223995,부산광역시,영도구
74,의료법인행도의료재단해동병원,부산광역시 영도구 태종로 133 (봉래동3가),1,0,0,0,0,0,0,0,0,0,0,0,0,0,0,0,15,0,1,0,0,0,0,0,0,0,0,0,0,0,0,0,0,0,13,0,129.043863,35.09193601,부산광역시,영도구
75,재단법인천주교부산교구유지재단메리놀병원,부산광역시 중구 중구로 121 (대청동4가),0,1,0,0,0,0,0,0,0,0,1,0,0,0,0,0,22,0,0,0,0,0,0,0,0,0,0,0,0,0,0,0,0,0,18,0,129.0329888,35.10765182,부산광역시,중구
76,인제대학교해운대백병원,부산광역시 해운대구 해운대로 875 (좌동),0,2,0,0,1,6,0,0,0,0,0,0,0,0,9,9,0,0,0,0,0,0,1,0,0,0,0,0,0,0,0,0,0,0,0,0,129.1821645,35.17325983,부산광역시,해운대구
77,의료법인인당의료재단해운대부민병원,부산광역시 해운대구 해운대로 584 (우동),1,0,0,0,0,0,0,0,0,0,1,3,0,0,0,0,18,0,1,0,0,0,0,0,0,0,0,0,1,3,0,0,0,0,14,0,129.155654,35.16142097,부산광역시,해운대구
78,영남대학교병원,대구광역시 남구 현충로 170 (대명동),0,0,0,0,5,5,0,0,1,0,9,7,0,25,0,16,0,0,0,0,0,0,2,1,0,0,1,0,1,6,0,22,0,12,0,0,128.5816193,35.8474584,대구광역시,남구
79,대구가톨릭대학교병원,대구광역시 남구 두류공원로17길 33 (대명동),0,0,0,0,1,9,0,0,0,0,4,25,19,3,0,23,0,0,0,0,0,0,0,1,0,0,0,0,0,14,16,3,0,13,0,0,128.5685616,35.84368839,대구광역시,남구
80,대구굿모닝병원,대구광역시 남구 성당로 224 (대명동),0,1,0,0,0,0,0,0,0,0,1,0,0,0,0,0,0,0,0,1,0,0,0,0,0,0,0,0,0,0,0,0,0,0,0,0,128.5740702,35.85302342,대구광역시,남구
81,드림종합병원,대구광역시 남구 대명로 153 (대명동),0,3,0,0,0,0,0,0,0,0,0,0,0,0,0,0,19,1,0,3,0,0,0,0,0,0,0,0,0,0,0,0,0,0,8,1,128.5744652,35.83961475,대구광역시,남구
82,계명대학교동산병원,대구광역시 달서구 달구벌대로 1035 (신당동),0,2,0,0,2,3,0,0,0,0,1,0,0,3,22,15,0,4,0,2,0,0,1,1,0,0,0,0,0,0,0,1,15,9,0,0,128.480132,35.85388508,대구광역시,달서구
83,의료법인구의료재단구병원,대구광역시 달서구 감삼북길 141 (감삼동),0,3,0,0,0,0,0,0,0,0,0,0,0,0,0,0,0,0,0,3,0,0,0,0,0,0,0,0,0,0,0,0,0,0,0,0,128.5413829,35.85068194,대구광역시,달서구
84,더블유병원,대구광역시 달서구 달구벌대로 1632 (감삼동),0,5,0,0,0,0,0,0,0,0,0,0,0,0,0,0,0,0,0,5,0,0,0,0,0,0,0,0,0,0,0,0,0,0,0,0,128.5449676,35.85264329,대구광역시,달서구
85,삼일병원,"대구광역시 달서구 월배로 436, 지하1,지상1~11층 (송현동)",1,0,0,0,0,0,0,0,0,0,0,0,0,0,0,0,0,0,1,0,0,0,0,0,0,0,0,0,0,0,0,0,0,0,0,0,128.5535565,35.8325107,대구광역시,달서구
86,나사렛종합병원,"대구광역시 달서구 월배로 97, 나사렛병원 (진천동)",0,1,0,0,0,0,0,0,0,0,1,0,0,0,0,0,0,0,0,1,0,0,0,0,0,0,0,0,1,0,0,0,0,0,0,0,128.5250953,35.81470046,대구광역시,달서구
87,한국보훈복지의료공단대구보훈병원,대구광역시 달서구 월곡로 60 (도원동),1,1,0,0,0,0,0,0,0,0,1,1,0,0,0,0,40,0,1,1,0,0,0,0,0,0,0,0,1,0,0,0,0,0,14,0,128.5517119,35.80282902,대구광역시,달서구
88,대구파티마병원,대구광역시 동구 아양로 99 (신암동),2,5,0,0,0,0,0,0,0,0,6,0,0,0,19,0,18,6,1,3,0,0,0,0,0,0,0,0,5,0,0,0,16,0,14,6,128.6232777,35.88337405,대구광역시,동구
89,칠곡경북대학교병원,"대구광역시 북구 호국로 807, 칠곡경북대학교병원(임상실습동 1~10층 포함) (학정동)",1,0,1,1,0,7,0,0,0,0,0,0,0,7,18,32,237,6,1,0,1,0,0,3,0,0,0,0,0,0,0,5,18,32,203,0,128.5644063,35.95674705,대구광역시,북구
90,대구가톨릭대학교칠곡가톨릭병원,대구광역시 북구 칠곡중앙대로 440 (읍내동),0,1,0,0,0,0,0,0,0,0,0,0,0,0,0,0,0,0,0,1,0,0,0,0,0,0,0,0,0,0,0,0,0,0,0,0,128.5492907,35.93491612,대구광역시,북구
91,대구의료원,대구광역시 서구 평리로 157 (중리동),1,1,0,0,0,0,0,0,0,0,0,27,0,0,0,0,126,0,1,1,0,0,0,0,0,0,0,0,0,27,0,0,0,0,86,0,128.5400736,35.85969545,대구광역시,서구
92,(재)미리내천주성삼성직수도회천주성삼병원,"대구광역시 수성구 달구벌대로 3190 (신매동, 천주성삼병원)",0,1,0,0,0,0,0,0,0,0,0,0,0,0,0,0,0,1,0,1,0,0,0,0,0,0,0,0,0,0,0,0,0,0,0,1,128.70572,35.84022428,대구광역시,수성구
93,경북대학교병원,"대구광역시 중구 동덕로 130 (삼덕동2가, 경북대학교병원)",0,2,0,0,2,3,0,0,0,0,0,0,6,3,4,35,11,6,0,1,0,0,0,1,0,0,0,0,0,0,3,2,4,23,7,0,128.6045598,35.86555251,대구광역시,중구
94,계명대학교대구동산병원,"대구광역시 중구 달성로 56, 계명대학교대구동산병원 (동산동)",2,1,0,0,0,0,0,0,0,0,5,0,0,0,0,0,107,0,2,1,0,0,0,0,0,0,0,0,1,0,0,0,0,0,81,0,128.5825192,35.87017531,대구광역시,중구
95,곽병원,대구광역시 중구 국채보상로 531 (수동),0,2,0,0,0,0,0,0,0,0,0,0,0,0,0,0,0,0,0,2,0,0,0,0,0,0,0,0,0,0,0,0,0,0,0,0,128.588776,35.87047037,대구광역시,중구
96,비에스종합병원,인천광역시 강화군 강화읍 충렬사로 31,1,0,0,0,0,0,0,0,0,0,1,0,0,0,0,0,0,0,1,0,0,0,0,0,0,0,0,0,0,0,0,0,0,0,0,0,126.4857303,37.73606565,인천광역시,강화군
97,인천세종병원,인천광역시 계양구 계양문화로 20(작전동),3,0,0,0,0,0,0,0,0,0,0,6,0,2,16,0,0,0,3,0,0,0,0,0,0,0,0,0,0,1,0,2,16,0,0,0,126.7368535,37.53254024,인천광역시,계양구
98,의료법인인성의료재단한림병원,인천광역시 계양구 장제로 722 (작전동),1,2,0,0,0,0,0,0,0,0,0,0,0,22,63,85,150,7,1,2,0,0,0,0,0,0,0,0,0,0,0,20,62,82,143,6,126.7343354,37.53224904,인천광역시,계양구
99,인천사랑병원,인천광역시 미추홀구 미추홀대로 726 (주안동),1,2,0,0,0,0,0,0,0,0,1,0,0,0,0,0,20,4,1,2,0,0,0,0,0,0,0,0,1,0,0,0,0,0,13,4,126.6806831,37.46219606,인천광역시,미추홀구
100,현대유비스병원,인천광역시 미추홀구 독배로 503 (숭의동),0,0,0,0,0,0,0,0,0,0,1,0,0,0,18,36,15,0,0,0,0,0,0,0,0,0,0,0,0,0,0,0,16,32,15,0,126.6430069,37.46160992,인천광역시,미추홀구
101,의료법인 길의료재단 길병원,"인천광역시 남동구 남동대로774번길 21 (구월동, 가천대학교길병원)",0,0,1,1,2,5,0,0,0,2,5,2,14,2,10,22,29,13,0,0,1,1,1,0,0,0,0,1,0,0,7,1,10,9,29,4,126.7085734,37.45149891,인천광역시,남동구
102,인천힘찬종합병원,"인천광역시 남동구 논현로 72-0 (논현동,인천힘찬종합병원)",1,2,0,0,0,0,0,0,0,0,0,0,0,0,0,0,10,3,1,2,0,0,0,0,0,0,0,0,0,0,0,0,0,0,10,3,126.7146869,37.4010627,인천광역시,남동구
103,인천광역시의료원,"인천광역시 동구 방축로 217 (송림동, 인천광역시 의료원)",2,0,0,0,0,0,0,0,0,0,0,0,0,8,0,13,0,0,2,0,0,0,0,0,0,0,0,0,0,0,0,8,0,6,0,0,126.6682345,37.47824986,인천광역시,동구
104,가톨릭대학교 인천성모병원,인천광역시 부평구 동수로 56 (부평동),0,6,0,0,3,3,0,0,0,0,6,6,0,0,3,0,0,0,0,2,0,0,3,1,0,0,0,0,1,4,0,0,2,0,0,0,126.7250467,37.48436765,인천광역시,부평구
105,안은의료재단 부평세림병원,"인천광역시 부평구 부평대로 175 (청천동, 세림병원)",1,1,0,0,0,0,0,0,0,0,0,0,0,14,54,20,121,0,1,1,0,0,0,0,0,0,0,0,0,0,0,12,52,15,114,0,126.7199656,37.50684306,인천광역시,부평구
106,가톨릭관동대학교국제성모병원,"인천광역시 서구 심곡로100번길 25 (심곡동, 인천국제성모병원)",0,0,0,0,5,0,0,0,0,0,0,3,0,0,0,9,10,0,0,0,0,0,4,0,0,0,0,0,0,2,0,0,0,6,10,0,126.6835684,37.54234194,인천광역시,서구
107,검단탑병원,인천광역시 서구 청마로19번길 5 (당하동),1,2,0,0,0,0,0,0,0,0,0,0,15,3,56,154,42,0,1,2,0,0,0,0,0,0,0,0,0,0,12,1,53,144,33,0,126.6707159,37.59262556,인천광역시,서구
108,의료법인 루가의료재단 나은병원,"인천광역시 서구 원적로 23 (가좌동, 원적로 27번길 11(가좌동))",1,2,0,0,0,0,0,0,0,0,1,0,0,0,6,18,63,6,0,0,0,0,0,0,0,0,0,0,1,0,0,0,4,9,27,6,126.6797832,37.48905894,인천광역시,서구
109,(의)성세의료재단 뉴성민병원,"인천광역시 서구 칠천왕로33번길 17 (석남동, 신석로 70(석남1동, 성민병원))",0,0,0,0,0,0,0,0,0,0,0,0,0,0,0,0,0,0,0,0,0,0,0,0,0,0,0,0,0,0,0,0,0,0,0,0,126.6697426,37.50918788,인천광역시,서구
110,온누리병원,인천광역시 서구 완정로 199 (왕길동),1,2,0,0,0,0,0,0,0,0,0,0,0,0,0,0,0,0,0,0,0,0,0,0,0,0,0,0,0,0,0,0,0,0,0,0,126.6543308,37.60279568,인천광역시,서구
111,의료법인 나사렛의료재단 나사렛국제병원,"인천광역시 연수구 먼우금로 98 (동춘동, 나사렛국제병원)",1,2,0,0,0,0,0,0,0,0,1,0,0,0,0,0,23,0,0,0,0,0,0,0,0,0,0,0,1,0,0,0,0,0,20,0,126.6704834,37.40794798,인천광역시,연수구
112,인천광역시의료원백령병원,"인천광역시 옹진군 백령면 백령로 233, 인천광역시의료원 백령병원",0,1,0,0,0,0,0,0,0,0,0,0,0,0,0,0,0,0,0,1,0,0,0,0,0,0,0,0,0,0,0,0,0,0,0,0,124.7207802,37.96745067,인천광역시,옹진군
113,인하대학교의과대학부속병원,인천광역시 중구 인항로 27 (신흥동3가),0,2,0,0,2,9,0,0,0,0,0,0,10,3,9,13,40,0,0,2,0,0,0,5,0,0,0,0,0,0,5,2,9,9,17,0,126.6339287,37.45846672,인천광역시,중구
114,인천기독병원,인천광역시 중구 답동로30번길 10 (율목동),0,1,0,0,0,0,0,0,0,0,0,0,0,0,0,0,15,0,0,1,0,0,0,0,0,0,0,0,0,0,0,0,0,0,5,0,126.6324431,37.47133153,인천광역시,중구
115,첨단종합병원,광주광역시 광산구 첨단중앙로170번길 59 (쌍암동),1,2,0,0,0,0,0,0,0,0,1,1,0,0,0,0,0,0,1,2,0,0,0,0,0,0,0,0,1,0,0,0,0,0,0,0,126.8452952,35.22110247,광주광역시,광산구
116,KS병원,광주광역시 광산구 왕버들로 220 (수완동),1,2,0,0,0,0,0,0,0,0,0,0,0,0,0,0,0,1,1,0,0,0,0,0,0,0,0,0,0,0,0,0,0,0,0,1,126.8331574,35.19793261,광주광역시,광산구
117,광주보훈병원,광주광역시 광산구 첨단월봉로 99 (산월동),1,1,0,0,0,0,0,0,0,0,1,2,0,0,0,0,30,0,0,0,0,0,0,0,0,0,0,0,1,2,0,0,0,0,28,0,126.8480938,35.20803402,광주광역시,광산구
118,광주수완병원,광주광역시 광산구 임방울대로 370 (수완동),0,1,0,0,0,0,0,0,0,0,0,0,0,0,0,0,0,0,0,0,0,0,0,0,0,0,0,0,0,0,0,0,0,0,0,0,126.8241986,35.19311073,광주광역시,광산구
119,신가병원,광주광역시 광산구 목련로 316 (신가동),0,1,0,0,0,0,0,0,0,0,0,0,0,0,0,0,0,1,0,1,0,0,0,0,0,0,0,0,0,0,0,0,0,0,0,1,126.8296954,35.17741688,광주광역시,광산구
120,광주기독병원,광주광역시 남구 양림로 37 (양림동),1,2,0,0,0,0,0,0,0,0,3,0,0,0,6,3,29,0,0,2,0,0,0,0,0,0,0,0,3,0,0,0,3,3,28,0,126.9112508,35.13627885,광주광역시,남구
121,동아병원,광주광역시 남구 대남대로 238 (백운동),0,1,0,0,0,0,0,0,0,0,0,0,0,0,0,0,0,0,0,1,0,0,0,0,0,0,0,0,0,0,0,0,0,0,0,0,126.9000337,35.13472483,광주광역시,남구
122,광주씨티병원,광주광역시 남구 서문대로654번길 5 (진월동),0,1,0,0,0,0,0,0,0,0,0,0,0,0,0,0,0,0,0,1,0,0,0,0,0,0,0,0,0,0,0,0,0,0,0,0,126.8994965,35.11771812,광주광역시,남구
123,전남대학교병원,광주광역시 동구 제봉로 42 (학동),0,0,0,0,2,5,0,0,0,2,0,0,0,19,7,38,0,0,0,0,0,0,2,0,0,0,0,0,0,0,0,14,7,30,0,0,126.9220918,35.14238383,광주광역시,동구
124,조선대학교병원,광주광역시 동구 필문대로 365 (서석동),0,0,0,0,2,3,0,2,0,2,2,0,0,0,22,12,0,0,0,0,0,0,0,1,0,0,0,0,0,0,0,0,20,0,0,0,126.9253941,35.13953544,광주광역시,동구
125,광주희망병원,광주광역시 북구 하서로 429 (용두동),0,1,0,0,0,0,0,0,0,0,0,0,0,0,0,0,0,0,0,1,0,0,0,0,0,0,0,0,0,0,0,0,0,0,0,0,126.8747455,35.21347988,광주광역시,북구
126,광주일곡병원,광주광역시 북구 양일로 309 (일곡동),0,1,0,0,0,0,0,0,0,0,0,0,0,0,0,0,0,0,0,1,0,0,0,0,0,0,0,0,0,0,0,0,0,0,0,0,126.8976064,35.20286109,광주광역시,북구
127,광주현대병원,광주광역시 북구 설죽로 291 (용봉동),0,1,0,0,0,0,0,0,0,0,0,17,0,0,0,0,0,2,0,0,0,0,0,0,0,0,0,0,0,13,0,0,0,0,0,2,126.8976597,35.18539663,광주광역시,북구
128,운암한국병원,광주광역시 북구 북문대로 191 (운암동),0,1,0,0,0,0,0,0,0,0,0,0,0,0,0,0,12,0,0,1,0,0,0,0,0,0,0,0,0,0,0,0,0,0,8,0,126.8701142,35.18540411,광주광역시,북구
129,광주병원,광주광역시 북구 면앙로139번길 51 (두암동),0,1,0,0,0,0,0,0,0,0,0,0,0,0,0,0,0,0,0,1,0,0,0,0,0,0,0,0,0,0,0,0,0,0,0,0,126.9281533,35.1788797,광주광역시,북구
130,하남성심병원,광주광역시  용아로 259,0,1,0,0,0,0,0,0,0,0,0,0,0,0,0,0,0,1,0,1,0,0,0,0,0,0,0,0,0,0,0,0,0,0,0,0,126.8004444,35.16730685,광주광역시,
131,서광병원,광주광역시 서구 금화로59번길 6 (금호동),1,2,0,0,0,0,0,0,0,0,1,1,0,0,0,0,0,0,1,2,0,0,0,0,0,0,0,0,0,1,0,0,0,0,0,0,126.8557328,35.1325959,광주광역시,서구
132,광주한국병원,광주광역시 서구 월드컵4강로 223 (쌍촌동),0,1,0,0,0,0,0,0,0,0,0,0,0,0,0,0,16,0,0,1,0,0,0,0,0,0,0,0,0,0,0,0,0,0,11,0,126.8687526,35.1561493,광주광역시,서구
133,상무병원,광주광역시 서구 상무자유로 181-7 (치평동),0,1,0,0,0,0,0,0,0,0,0,0,0,0,0,0,22,0,0,1,0,0,0,0,0,0,0,0,0,0,0,0,0,0,19,0,126.8538915,35.15274368,광주광역시,서구
134,미래로21병원,광주광역시 서구 화운로 1 (화정동),0,1,0,0,0,0,0,0,0,0,0,0,0,0,0,0,0,0,0,1,0,0,0,0,0,0,0,0,0,0,0,0,0,0,0,0,126.8852873,35.14103384,광주광역시,서구
135,대전보훈병원,대전광역시 대덕구 대청로82번길 147 (신탄진동),1,1,0,0,0,0,0,0,0,0,1,1,0,0,0,0,64,0,0,0,0,0,0,0,0,0,0,0,0,1,0,0,0,0,61,0,127.439694,36.44731615,대전광역시,대덕구
136,근로복지공단대전병원,대전광역시 대덕구 계족로 637 (법동),0,1,0,0,0,0,0,0,0,0,0,0,0,0,0,0,44,0,0,1,0,0,0,0,0,0,0,0,0,0,0,0,0,0,44,0,127.4292709,36.36827307,대전광역시,대덕구
137,대전한국병원,대전광역시 동구 동서대로 1672 (성남동),1,0,0,0,0,0,0,0,0,0,0,0,0,0,0,0,23,0,0,0,0,0,0,0,0,0,0,0,0,0,0,0,0,0,16,0,127.4358344,36.34817459,대전광역시,동구
138,학교법인건양교육재단건양대학교병원,"대전광역시 서구 관저동로 158, 건양대학교병원 (관저동)",1,0,0,0,6,0,0,0,4,0,5,1,3,5,0,11,0,5,1,0,0,0,2,0,0,0,1,0,0,1,0,2,0,1,0,5,127.3445629,36.30698032,대전광역시,서구
139,학교법인을지학원대전을지대학교병원,대전광역시 서구 둔산서로 95 (둔산동),2,1,0,0,0,0,0,0,0,0,3,0,0,0,6,3,0,3,0,1,0,0,0,0,0,0,0,0,0,0,0,0,0,1,0,3,127.3819878,36.35530079,대전광역시,서구
140,대청병원,"대전광역시 서구 계백로 1322 (정림동, 대청병원)",0,1,0,0,0,0,0,0,0,0,0,0,0,0,0,0,0,0,0,1,0,0,0,0,0,0,0,0,0,0,0,0,0,0,0,0,127.3705105,36.30822616,대전광역시,서구
141,의료법인영훈의료재단유성선병원,대전광역시 유성구 북유성대로 93 (지족동),2,1,0,0,0,0,0,0,0,0,1,1,0,0,0,0,33,0,1,0,0,0,0,0,0,0,0,0,1,0,0,0,0,0,27,0,127.3249902,36.37513353,대전광역시,유성구
142,충남대학교병원,"대전광역시 중구 문화로 282 (대사동, 충남대학교병원)",0,0,0,0,2,3,0,0,0,0,0,0,0,8,12,20,0,6,0,0,0,0,2,1,0,0,0,0,0,0,0,8,8,12,0,3,127.4154696,36.3161279,대전광역시,중구
143,의료법인영훈의료재단대전선병원,"대전광역시 중구 목중로 29 (목동, 선병원)",1,3,0,0,0,0,0,0,0,0,1,1,0,0,0,0,35,0,0,3,0,0,0,0,0,0,0,0,0,0,0,0,0,0,30,0,127.4099149,36.33611893,대전광역시,중구
144,학교법인가톨릭학원가톨릭대학교대전성모병원,대전광역시 중구 대흥로 64 (대흥동),3,0,0,0,0,0,0,0,0,0,1,0,0,10,0,0,14,4,1,0,0,0,0,0,0,0,0,0,0,0,0,8,0,0,8,4,127.4202121,36.32199337,대전광역시,중구
145,의료법인은성의료재단좋은삼정병원,울산광역시 남구 북부순환도로 51 (무거동),0,1,0,0,0,0,0,0,0,0,0,1,0,0,0,0,16,1,0,1,0,0,0,0,0,0,0,0,0,1,0,0,0,0,14,1,129.2689292,35.55282796,울산광역시,남구
146,의료법인혜명심의료재단울산병원,울산광역시 남구 월평로171번길 13 (신정동),1,2,0,0,0,0,0,0,0,0,1,0,0,0,0,0,43,0,1,0,0,0,0,0,0,0,0,0,1,0,0,0,0,0,38,0,129.323109,35.54622172,울산광역시,남구
147,의료법인정안의료재단중앙병원,"울산광역시 남구 문수로 472, 중앙병원 (신정동)",1,2,0,0,0,0,0,0,0,0,2,1,0,0,0,0,0,0,1,1,0,0,0,0,0,0,0,0,2,0,0,0,0,0,0,0,129.3051379,35.53210169,울산광역시,남구
148,학교법인울산공업학원울산대학교병원,"울산광역시 동구 방어진순환도로 877, 울산대학교병원 (전하동)",0,0,0,0,3,3,0,0,0,8,0,0,10,12,13,78,65,0,0,0,0,0,3,2,0,0,0,0,0,0,8,8,13,75,65,0,129.4288022,35.52005961,울산광역시,동구
149,의료법인송은의료재단울산시티병원,울산광역시 북구 산업로 1007 (연암동),0,1,0,0,0,0,0,0,0,0,0,0,0,0,0,0,10,0,0,1,0,0,0,0,0,0,0,0,0,0,0,0,0,0,0,0,129.359018,35.58281756,울산광역시,북구
150,서울산보람병원,"울산광역시 울주군 삼남읍 중평로 53, 서울산보람병원",0,1,0,0,0,0,0,0,0,0,0,0,0,0,0,0,0,0,0,0,0,0,0,0,0,0,0,0,0,0,0,0,0,0,0,0,129.1209423,35.55994391,울산광역시,울주군
151,의료법인동강의료재단동강병원,울산광역시 중구 태화로 239 (태화동),1,2,0,0,0,0,0,0,0,0,1,2,0,0,0,0,20,5,1,2,0,0,0,0,0,0,0,0,0,1,0,0,0,0,10,5,129.3020953,35.55342419,울산광역시,중구
152,세종충남대학교병원,"세종특별자치시 보듬7로 20, 세종충남대학교병원 (도담동)",2,2,0,0,0,0,0,0,0,0,2,0,0,0,6,5,8,5,1,0,0,0,0,0,0,0,0,0,1,0,0,0,6,5,6,3,127.2579429,36.51951402,세종특별자치시,세종시
153,의료법인 영제 의료재단 엔케이세종병원,"세종특별자치시 한누리대로 161, 세종시 NK리움힐 상가 1~8층 (나성동)",0,1,0,0,0,0,0,0,0,0,0,0,0,0,0,0,6,0,0,1,0,0,0,0,0,0,0,0,0,0,0,0,0,0,5,0,127.2622568,36.47962265,세종특별자치시,세종시
154,의료법인명지의료재단명지병원,경기도 고양시 덕양구 화수로14번길 55 (화정동),0,3,0,3,3,2,0,0,3,6,0,9,0,0,0,0,0,0,0,0,0,2,3,0,0,0,0,3,0,9,0,0,0,0,0,0,126.8309623,37.64220203,경기도,고양시
155,국민건강보험공단일산병원,"경기도 고양시 일산동구 일산로 100 (백석동,백석1동 1241외1필지 4층)",2,3,0,0,0,0,0,0,0,0,0,3,8,4,0,40,143,0,1,3,0,0,0,0,0,0,0,0,0,3,3,3,0,25,102,0,126.7930404,37.64547577,경기도,고양시
156,동국대학교일산불교병원,"경기도 고양시 일산동구 동국로 27 (식사동, 동국대학교일산병원)",1,3,0,0,0,0,0,0,0,0,2,0,4,2,0,4,27,0,1,1,0,0,0,0,0,0,0,0,0,0,4,2,0,3,24,0,126.8070138,37.67628828,경기도,고양시
157,국립암센터,경기도 고양시 일산동구 일산로 323 (마두동),0,1,0,0,0,0,0,0,0,0,11,0,0,0,0,0,0,0,0,0,0,0,0,0,0,0,0,0,8,0,0,0,0,0,0,0,126.7833978,37.66322669,경기도,고양시
158,의료법인성광의료재단일산차병원,"경기도 고양시 일산동구 중앙로 1205, 지하1층(일부),지하2층,지하4층(일부),1층(일부),3층(일부),4~5층,6층(일부),7~10층 (장항동)",0,2,0,0,0,0,0,0,0,0,1,1,0,0,0,0,11,0,0,1,0,0,0,0,0,0,0,0,1,1,0,0,0,0,11,0,126.7757373,37.65413169,경기도,고양시
159,인제대학교일산백병원,경기도 고양시 일산서구 주화로 170 (대화동),2,3,0,0,0,0,0,0,0,0,2,2,0,0,0,0,36,0,2,3,0,0,0,0,0,0,0,0,1,0,0,0,0,0,35,0,126.7503803,37.6742733,경기도,고양시
160,광명성애병원,"경기도 광명시 디지털로 36, 광명성애병원 (철산동)",1,4,0,0,0,0,0,0,0,0,1,0,0,0,0,0,42,0,1,1,0,0,0,0,0,0,0,0,1,0,0,0,0,0,42,0,126.8718649,37.47316238,경기도,광명시
161,중앙대학교광명병원,경기도 광명시 덕안로 110(일직동),1,2,0,0,0,0,0,0,0,0,2,0,0,0,0,0,0,0,1,2,0,0,0,0,0,0,0,0,2,0,0,0,0,0,0,0,126.8859095,37.42459661,경기도,광명시
162,참조은병원,경기도 광주시 광주대로 45 (경안동),1,3,0,0,0,0,0,0,0,0,0,2,0,0,12,23,23,6,1,3,0,0,0,0,0,0,0,0,0,2,0,0,12,17,23,5,127.2599576,37.41091748,경기도,광주시
163,한양대학교구리병원,경기도 구리시 경춘로 153 (교문동),0,0,0,0,1,4,0,0,0,0,0,0,0,0,0,0,21,0,0,0,0,0,0,0,0,0,0,0,0,0,0,0,0,0,21,0,127.1325076,37.60127509,경기도,구리시
164,효산의료재단지샘병원,"경기도 군포시 군포로 591 (당동, (G샘병원)군포샘병원)",2,1,0,0,0,0,0,0,0,0,0,2,0,0,0,0,18,1,1,0,0,0,0,0,0,0,0,0,0,0,0,0,0,0,13,1,126.9473163,37.35867135,경기도,군포시
165,원광대학교산본병원,경기도 군포시 산본로 321 (산본동),1,2,0,0,0,0,0,0,0,0,0,0,0,0,0,0,18,0,1,2,0,0,0,0,0,0,0,0,0,0,0,0,0,0,14,0,126.9336043,37.3594143,경기도,군포시
166,의료법인우리의료재단김포우리병원,"경기도 김포시 감암로 11, 김포우리병원 (걸포동)",0,0,0,0,3,0,0,0,0,0,1,0,0,0,95,152,4,0,0,0,0,0,3,0,0,0,0,0,0,0,0,0,89,124,4,0,126.7104701,37.63214983,경기도,김포시
167,의료법인인봉의료재단뉴고려병원,"경기도 김포시 김포한강3로 283, 뉴고려병원 (장기동)",1,2,0,0,0,0,0,0,0,0,1,0,0,0,25,12,48,3,0,2,0,0,0,0,0,0,0,0,1,0,0,0,22,12,48,3,126.6602294,37.64095701,경기도,김포시
168,남양주한양병원,경기도 남양주시 오남읍 양지로 47-55,3,0,0,0,0,0,0,0,0,0,3,0,0,0,0,0,0,0,3,0,0,0,0,0,0,0,0,0,3,0,0,0,0,0,0,0,127.2045682,37.68272334,경기도,남양주시
169,현대병원,경기도 남양주시 진접읍 봉현로 21,6,0,0,0,0,0,0,0,0,0,5,0,0,25,0,39,30,0,3,0,0,0,0,0,0,0,0,0,0,0,0,23,0,18,30,0,127.1799031,37.71543701,경기도,남양주시
170,남양주나눔병원,경기도 남양주시 오남읍 진건오남로797번길 9 (오남읍),0,0,0,0,0,0,0,0,0,0,0,0,0,0,0,0,0,0,0,0,0,0,0,0,0,0,0,0,0,0,0,0,0,0,0,0,127.2015678,37.698114,경기도,남양주시
171,순천향대학교부속부천병원,경기도 부천시 조마루로 170 (중동),0,0,0,0,2,7,0,0,0,0,8,3,16,0,0,16,0,0,0,0,0,0,1,1,0,0,0,0,5,3,10,0,0,13,0,0,126.7629751,37.49859477,경기도,부천시
172,가톨릭대학교부천성모병원,"경기도 부천시 소사로 327, 가톨릭대학교 부천성모병원 (소사동)",2,1,0,0,0,0,0,0,0,0,1,2,0,0,6,8,0,7,0,1,0,0,0,0,0,0,0,0,1,1,0,0,4,7,0,4,126.7927117,37.48672551,경기도,부천시
173,부천세종병원,"경기도 부천시 호현로489번길 28 (소사본동, 세종병원)",1,2,0,0,0,0,0,0,0,0,2,0,0,0,0,0,0,0,0,1,0,0,0,0,0,0,0,0,2,0,0,0,0,0,0,0,126.7913912,37.48140188,경기도,부천시
174,의료법인대인의료재단다니엘종합병원,"경기도 부천시 중동로 361, 다니엘종합병원 (약대동)",1,0,0,0,0,0,0,0,0,0,0,0,0,0,0,0,0,0,1,0,0,0,0,0,0,0,0,0,0,0,0,0,0,0,0,0,126.7694724,37.5123063,경기도,부천시
175,차의과학대학교분당차병원,경기도 성남시 분당구 야탑로 59 (야탑동),0,0,1,1,2,3,0,0,2,2,4,0,0,8,0,9,0,6,0,0,1,1,1,0,0,0,0,1,0,0,0,7,0,4,0,6,127.1253275,37.4098024,경기도,성남시
176,분당서울대학교병원,"경기도 성남시 분당구 구미로173번길 82 (구미동, 분당서울대학교병원)",0,2,0,0,2,3,0,0,0,4,1,0,20,5,9,33,0,4,0,1,0,0,0,1,0,0,0,1,0,0,12,4,8,29,0,4,127.1232101,37.35195864,경기도,성남시
177,대진의료재단분당제생병원,경기도 성남시 분당구 서현로180번길 20 (서현동),0,0,0,0,1,2,0,0,0,0,2,2,0,7,0,0,30,0,0,0,0,0,0,2,0,0,0,0,1,1,0,3,0,0,27,0,127.1217784,37.3882042,경기도,성남시
178,국군수도병원,경기도 성남시 분당구 새마을로177번길 81 (율동),2,0,0,0,0,0,0,0,0,0,0,0,0,0,2,6,0,0,0,0,0,0,0,0,0,0,0,0,0,0,0,0,1,5,0,0,127.1509106,37.38950849,경기도,성남시
179,성남시의료원,"경기도 성남시 수정구 수정로171번길 10, 성남시의료원 (태평동)",2,4,0,0,0,0,0,0,0,0,0,0,6,3,0,71,10,0,0,2,0,0,0,0,0,0,0,0,0,0,6,2,0,66,10,0,127.1390574,37.44498406,경기도,성남시
180,성남중앙병원,경기도 성남시 중원구 산성대로476번길 12 (금광동),0,1,0,0,0,0,0,0,0,0,0,0,0,0,0,0,0,0,0,1,0,0,0,0,0,0,0,0,0,0,0,0,0,0,0,0,127.1620092,37.45295694,경기도,성남시
181,의료법인 명인의료재단 화홍병원,경기도 수원시 권선구 호매실로90번길 98 (호매실동),2,3,0,0,0,0,0,0,0,0,2,0,0,0,0,0,20,0,2,3,0,0,0,0,0,0,0,0,0,0,0,0,0,0,17,0,126.963908,37.26012715,경기도,수원시
182,아주대학교병원,경기도 수원시 영통구 월드컵로 164 (원천동),0,0,0,0,2,6,0,0,0,2,1,0,0,0,15,19,0,12,0,0,0,0,2,0,0,0,0,2,1,0,0,0,11,18,0,3,127.04752,37.27944714,경기도,수원시
183,경기도의료원수원병원,경기도 수원시 장안구 수성로245번길 69 (정자동),1,0,0,0,0,0,0,0,0,0,0,2,0,0,0,0,0,0,1,0,0,0,0,0,0,0,0,0,0,2,0,0,0,0,0,0,126.9968343,37.29235101,경기도,수원시
184,의료법인녹산의료재단동수원병원,경기도 수원시 팔달구 중부대로 165 (우만동),1,2,0,0,0,0,0,0,0,0,3,1,0,0,0,0,11,0,1,0,0,0,0,0,0,0,0,0,2,0,0,0,0,0,10,0,127.0339069,37.27863941,경기도,수원시
185,가톨릭대학교 성빈센트병원,경기도 수원시 팔달구 중부대로 93 (지동),2,2,0,0,0,0,0,0,0,0,0,6,0,0,9,9,0,2,0,0,0,0,0,0,0,0,0,0,0,1,0,0,9,8,0,1,127.0274499,37.27792307,경기도,수원시
186,의료법인토마스의료재단윌스기념병원,경기도 수원시 팔달구 경수대로 437 (인계동),5,1,0,0,0,0,0,0,0,0,0,0,0,21,0,42,25,0,4,1,0,0,0,0,0,0,0,0,0,0,0,16,0,42,14,0,127.0255444,37.26532298,경기도,수원시
187,의료법인남촌의료재단시화병원,"경기도 시흥시 군자천로 381, 시화병원 (정왕동)",1,5,0,0,0,0,0,0,0,0,1,1,0,0,16,4,31,0,1,5,0,0,0,0,0,0,0,0,1,0,0,0,13,3,25,0,126.7369711,37.34995586,경기도,시흥시
188,의료법인녹향의료재단신천연합병원,"경기도 시흥시 복지로 57, 복지로 61, 2층 (대야동)",0,1,0,0,0,0,0,0,0,0,1,0,0,0,0,0,0,0,0,1,0,0,0,0,0,0,0,0,0,0,0,0,0,0,0,0,126.78957,37.44445228,경기도,시흥시
189,의료법인석경의료재단센트럴병원,"경기도 시흥시 공단1대로 237 (정왕동, 센트럴 병원)",1,2,0,0,0,0,0,0,0,0,0,0,0,0,0,0,15,0,0,1,0,0,0,0,0,0,0,0,0,0,0,0,0,0,15,0,126.7279832,37.33684455,경기도,시흥시
190,고려대학교의과대학부속안산병원,경기도 안산시 단원구 적금로 123 (고잔동),0,2,0,0,2,3,0,0,0,0,3,8,0,0,20,12,0,6,0,1,0,0,1,1,0,0,0,0,0,5,0,0,17,4,0,2,126.8256273,37.3193802,경기도,안산시
191,대아의료재단한도병원,경기도 안산시 단원구 선부광장로 103 (선부동),1,0,0,0,0,0,0,0,0,0,1,0,0,0,0,0,0,0,1,0,0,0,0,0,0,0,0,0,1,0,0,0,0,0,0,0,126.8076197,37.33405533,경기도,안산시
192,의료법인플러스의료재단단원병원,"경기도 안산시 단원구 원포공원1로 20, 동의성단원병원 (초지동)",0,1,0,0,0,0,0,0,0,0,1,0,0,1,0,0,0,0,0,0,0,0,0,0,0,0,0,0,0,0,0,0,0,0,0,0,126.8132449,37.3002369,경기도,안산시
193,근로복지공단안산병원,"경기도 안산시 상록구 구룡로 87, 근로복지공단안산병원 (일동)",0,1,0,0,0,0,0,0,0,0,1,2,0,0,0,0,30,0,0,1,0,0,0,0,0,0,0,0,1,2,0,0,0,0,30,0,126.8749603,37.31608828,경기도,안산시
194,경기도의료원안성병원,경기도 안성시 남파로 95 (당왕동),1,0,0,0,0,0,0,0,0,0,2,3,0,0,0,0,0,0,1,0,0,0,0,0,0,0,0,0,2,0,0,0,0,0,0,0,127.2603666,37.0173533,경기도,안성시
195,안성성모병원,경기도 안성시 시장길 58 (서인동),0,1,0,0,0,0,0,0,0,0,0,0,0,0,0,0,0,0,0,1,0,0,0,0,0,0,0,0,0,0,0,0,0,0,0,0,127.2708809,37.00612411,경기도,안성시
196,한림대학교성심병원,경기도 안양시 동안구 관평로170번길 22 (평촌동),2,4,0,0,5,0,0,0,1,0,1,5,0,0,6,18,0,0,0,1,0,0,2,0,0,0,0,0,0,2,0,0,5,7,0,0,126.9615632,37.39129689,경기도,안양시
197,효산의료재단안양샘병원,"경기도 안양시 만안구 삼덕로 9 (안양동, 안양샘병원)",1,2,0,0,0,0,0,0,0,0,1,0,0,0,0,0,0,0,1,2,0,0,0,0,0,0,0,0,1,0,0,0,0,0,0,0,126.9245975,37.39330078,경기도,안양시
198,양평병원,경기도 양평군 양평읍 중앙로 129,0,0,0,0,0,0,0,0,0,0,0,0,0,0,0,0,0,0,0,0,0,0,0,0,0,0,0,0,0,0,0,0,0,0,0,0,127.5032354,37.49423507,경기도,양평군
199,세종여주병원,"경기도 여주시 청심로 39, 세종여주병원 (하동)",0,0,0,0,0,3,0,0,0,0,0,0,0,0,0,0,0,5,0,0,0,0,0,3,0,0,0,0,0,0,0,0,0,0,0,-6,127.6253194,37.30148027,경기도,여주시
200,연천군보건의료원,경기도 연천군 전곡읍 은대성로 95,0,1,0,0,0,0,0,0,0,0,0,0,0,0,0,0,0,0,0,1,0,0,0,0,0,0,0,0,0,0,0,0,0,0,0,0,127.0608598,38.02336495,경기도,연천군
201,오산한국병원,경기도 오산시 밀머리로1번길 16 (원동),1,4,0,0,0,0,0,0,0,0,1,0,0,0,24,3,70,0,1,4,0,0,0,0,0,0,0,0,1,0,0,0,22,3,63,0,127.0755032,37.14133849,경기도,오산시
202,강남병원,"경기도 용인시 기흥구 중부대로 411, 강남병원 (신갈동)",3,1,0,0,0,0,0,0,0,0,0,0,0,71,0,18,148,0,3,1,0,0,0,0,0,0,0,0,0,0,0,60,0,12,140,0,127.111435,37.27367541,경기도,용인시
203,연세대학교 의과대학 용인세브란스병원,경기도 용인시 기흥구 동백죽전대로 363 (중동),1,5,0,0,0,0,0,0,0,0,2,4,0,0,0,0,0,0,1,3,0,0,0,0,0,0,0,0,2,2,0,0,0,0,0,0,127.1444441,37.27042938,경기도,용인시
204,(의)영문의료재단다보스병원,"경기도 용인시 처인구 백옥대로1082번길 18, 다보스종합병원 (김량장동)",1,2,0,0,0,0,0,0,0,0,0,0,0,62,0,12,38,4,0,0,0,0,0,0,0,0,0,0,0,0,0,0,0,9,38,4,127.211398,37.23154136,경기도,용인시
205,(의)효심의료재단용인서울병원,경기도 용인시 처인구 고림로 81 (고림동),0,0,0,0,0,0,0,0,0,0,0,0,0,0,0,0,0,0,0,0,0,0,0,0,0,0,0,0,0,0,0,0,0,0,0,0,127.2144904,37.24031727,경기도,용인시
206,가톨릭대학교의정부성모병원,"경기도 의정부시 천보로 271, 의정부성모병원 (금오동)",2,4,0,0,0,0,0,0,1,1,4,0,6,0,0,4,0,17,2,3,0,0,0,0,0,0,0,0,2,0,6,0,0,3,0,12,127.0776372,37.75774765,경기도,의정부시
207,경기도의료원의정부병원,경기도 의정부시 흥선로 142 (의정부동),0,0,0,0,0,0,0,0,0,0,0,4,0,0,0,0,27,0,0,0,0,0,0,0,0,0,0,0,0,1,0,0,0,0,16,0,127.0424322,37.74093511,경기도,의정부시
208,의료법인영동의료재단의정부백병원,경기도 의정부시 금신로 322 (신곡동),0,2,0,0,0,0,0,0,0,0,0,0,0,0,0,0,0,0,0,2,0,0,0,0,0,0,0,0,0,0,0,0,0,0,0,0,127.0619848,37.74523876,경기도,의정부시
209,추병원,경기도 의정부시 평화로 650 (의정부동),1,1,0,0,0,0,0,0,0,0,0,0,0,0,0,0,0,0,1,1,0,0,0,0,0,0,0,0,0,0,0,0,0,0,0,0,127.0450765,37.75001147,경기도,의정부시
210,학교법인을지학원의정부을지대학교병원,"경기도 의정부시 동일로 712, 을지대학교 의정부캠퍼스 및 부속병원 (금오동)",1,2,0,0,0,0,0,0,0,0,5,3,0,0,0,0,0,4,1,0,0,0,0,0,0,0,0,0,5,2,0,0,0,0,0,3,127.0533305,37.75294863,경기도,의정부시
211,경기도의료원이천병원,경기도 이천시 경충대로 2742 (관고동),1,2,0,0,0,0,0,0,0,0,0,6,0,0,0,0,58,0,0,2,0,0,0,0,0,0,0,0,0,0,0,0,0,0,58,0,127.4326128,37.28294177,경기도,이천시
212,경기도의료원파주병원,"경기도 파주시 중앙로 207, 경기도립의료원파주병원 (금촌동)",0,0,0,0,0,0,0,0,0,0,0,0,0,0,0,0,0,0,0,0,0,0,0,0,0,0,0,0,0,0,0,0,0,0,0,0,126.7796355,37.75488001,경기도,파주시
213,메디인병원,경기도 파주시 금릉역로 190(금촌동),0,0,0,0,0,0,0,0,0,0,0,0,0,0,0,0,0,0,0,0,0,0,0,0,0,0,0,0,0,0,0,0,0,0,0,0,126.7666693,37.76107315,경기도,파주시
214,의료법인 양진의료재단 평택성모병원,경기도 평택시 평택로 284 (세교동),1,2,0,0,0,0,0,0,0,0,1,0,0,0,0,0,15,0,0,0,0,0,0,0,0,0,0,0,1,0,0,0,0,0,12,0,127.0743384,37.00840797,경기도,평택시
215,의료법인백송의료재단굿모닝병원,경기도 평택시 중앙로 338 (합정동),2,1,0,0,0,0,0,0,0,0,3,0,0,0,0,0,0,6,0,0,0,0,0,0,0,0,0,0,0,0,0,0,0,0,0,6,127.1202342,36.99083919,경기도,평택시
216,의료법인갈렌의료재단박병원,경기도 평택시 송탄로 33 (장당동),0,1,0,0,0,0,0,0,0,0,0,0,0,0,0,0,0,0,0,1,0,0,0,0,0,0,0,0,0,0,0,0,0,0,0,0,127.0571718,37.04812532,경기도,평택시
217,의료법인박애의료재단박애병원,경기도 평택시 평택2로20번길 3 (평택동),0,0,0,0,0,0,0,0,0,0,0,0,0,0,0,0,0,0,0,0,0,0,0,0,0,0,0,0,0,0,0,0,0,0,0,0,127.0890781,36.99306222,경기도,평택시
218,경기도의료원포천병원,경기도 포천시 포천로 1648 (신읍동),1,2,0,0,0,0,0,0,0,0,1,0,0,0,0,0,0,0,1,2,0,0,0,0,0,0,0,0,1,0,0,0,0,0,0,0,127.1984499,37.90326395,경기도,포천시
219,의료법인일심의료재단우리병원,경기도 포천시 소흘읍 호국로 661,0,4,0,0,0,0,0,0,0,0,1,2,0,0,0,0,0,0,0,0,0,0,0,0,0,0,0,0,1,2,0,0,0,0,0,0,127.1481381,37.82748549,경기도,포천시
220,한림대학교동탄성심병원,경기도 화성시 큰재봉길 7 (석우동),0,0,0,0,3,2,0,0,0,0,5,2,0,8,0,9,0,2,0,0,0,0,2,1,0,0,0,0,1,0,0,8,0,8,0,2,127.07995,37.21651383,경기도,화성시
221,의료법인원광의료재단원광종합병원,경기도 화성시 화산북로 21 (송산동),1,0,0,0,0,0,0,0,0,0,0,0,0,0,0,0,0,0,1,0,0,0,0,0,0,0,0,0,0,0,0,0,0,0,0,0,127.0080362,37.21006237,경기도,화성시
222,화성디에스병원,"경기도 화성시 남양읍 시청로160번길 46-13, 1,3~8층 (남양읍)",0,1,0,0,0,0,0,0,0,0,0,0,0,0,0,0,0,0,0,1,0,0,0,0,0,0,0,0,0,0,0,0,0,0,0,0,126.8257103,37.19923251,경기도,화성시
223,의료법인은혜와감사의료재단화성중앙종합병원,경기도 화성시 향남읍 발안로 5,0,1,0,0,0,0,0,0,0,0,0,0,0,0,0,0,0,0,0,1,0,0,0,0,0,0,0,0,0,0,0,0,0,0,0,0,126.9108029,37.13153793,경기도,화성시
224,강릉아산병원,강원도 강릉시 사천면 방동길 38,0,3,0,0,2,6,0,0,1,6,0,0,0,0,16,12,0,0,0,3,0,0,2,0,0,0,0,2,0,0,0,0,11,10,0,0,128.8578311,37.81840395,강원도,강릉시
225,의료법인강릉동인병원,강원도 강릉시 강릉대로419번길 42 (포남동),1,2,0,0,0,0,0,0,0,0,2,0,0,0,0,0,23,0,1,2,0,0,0,0,0,0,0,0,2,0,0,0,0,0,17,0,128.9078825,37.77457864,강원도,강릉시
226,강원도강릉의료원,강원도 강릉시 경강로 2007 (남문동),0,0,0,0,0,0,0,0,0,0,0,0,0,0,0,0,17,0,0,0,0,0,0,0,0,0,0,0,0,0,0,0,0,0,15,0,128.8892613,37.74908676,강원도,강릉시
227,근로복지공단동해병원,강원도 동해시 하평로 11 (평릉동),1,0,0,0,0,0,0,0,0,0,0,0,0,0,0,0,40,0,1,0,0,0,0,0,0,0,0,0,0,0,0,0,0,0,39,0,129.1053023,37.53169443,강원도,동해시
228,의료법인동해동인병원,강원도 동해시 하평로 26 (평릉동),0,1,0,0,0,0,0,0,0,0,0,1,0,0,0,0,23,0,0,1,0,0,0,0,0,0,0,0,0,1,0,0,0,0,23,0,129.1078035,37.5302454,강원도,동해시
229,강원도삼척의료원,강원도 삼척시 오십천로 418 (남양동),0,0,0,0,0,0,0,0,0,0,0,0,0,0,0,0,49,2,0,0,0,0,0,0,0,0,0,0,0,0,0,0,0,0,42,1,129.1631429,37.43996358,강원도,삼척시
230,강원도속초의료원,강원도 속초시 영랑호반길 3 (영랑동),0,0,0,0,0,0,0,0,0,0,0,0,0,0,0,0,119,0,0,0,0,0,0,0,0,0,0,0,0,0,0,0,0,0,114,0,128.5879182,38.21606335,강원도,속초시
231,의료법인보광의료재단속초보광병원,강원도 속초시 중앙로 11 (교동),0,0,0,0,0,0,0,0,0,0,0,0,0,0,0,0,0,0,0,0,0,0,0,0,0,0,0,0,0,0,0,0,0,0,0,0,128.5783582,38.19803704,강원도,속초시
232,의료법인성심의료재단양구성심병원,강원도 양구군 양구읍 중심로 160,1,2,0,0,0,0,0,0,0,0,0,0,0,0,0,0,0,0,1,2,0,0,0,0,0,0,0,0,0,0,0,0,0,0,0,0,127.9912082,38.10471841,강원도,양구군
233,강원도영월의료원,강원도 영월군 영월읍 중앙1로 59,0,0,0,0,0,0,0,0,0,0,2,4,0,0,0,0,20,1,0,0,0,0,0,0,0,0,0,0,2,4,0,0,0,0,19,1,128.4652333,37.18676884,강원도,영월군
234,연세대학교원주세브란스기독병원,강원도 원주시 일산로 20 (일산동),2,3,0,0,0,6,0,0,0,0,0,0,3,2,17,13,0,0,2,3,0,0,0,4,0,0,0,0,0,0,2,1,10,11,0,0,127.9467253,37.34912031,강원도,원주시
235,강원도원주의료원,"강원도 원주시 서원대로 387 (개운동, 지방공사강원도원주의료원)",0,2,0,0,0,0,0,0,0,0,0,0,0,0,0,17,82,0,0,2,0,0,0,0,0,0,0,0,0,0,0,0,0,15,70,0,127.9490085,37.33319891,강원도,원주시
236,의료법인성지의료재단성지병원,강원도 원주시 원일로 22 (인동),0,1,0,0,0,0,0,0,0,0,0,0,0,0,0,0,13,0,0,1,0,0,0,0,0,0,0,0,0,0,0,0,0,0,13,0,127.9542132,37.34550664,강원도,원주시
237,근로복지공단정선병원,강원도 정선군 정선읍 봉양1길 145,0,1,0,0,0,0,0,0,0,0,0,0,0,0,0,0,0,0,0,1,0,0,0,0,0,0,0,0,0,0,0,0,0,0,0,0,128.6591553,37.38278753,강원도,정선군
238,철원병원,강원도 철원군 갈말읍 명성로 208-0 (갈말읍),1,0,0,0,0,0,0,0,0,0,0,0,0,0,0,0,0,0,1,0,0,0,0,0,0,0,0,0,0,0,0,0,0,0,0,0,127.3084477,38.15015677,강원도,철원군
239,한림대학교춘천성심병원,강원도 춘천시 삭주로 77 (교동),0,0,0,0,2,3,0,0,0,2,2,0,0,0,6,0,24,0,0,0,0,0,2,3,0,0,0,0,0,0,0,0,6,0,23,0,127.7408076,37.88413284,강원도,춘천시
240,강원대학교병원,강원도 춘천시 백령로 156 (효자동),2,3,0,0,0,0,0,0,1,0,0,0,9,2,8,11,0,0,2,1,0,0,0,0,0,0,1,0,0,0,4,1,8,9,0,0,127.7439332,37.87434606,강원도,춘천시
241,근로복지공단태백병원,강원도 태백시 보드미길 8 (장성동),0,1,0,0,0,0,0,0,0,0,0,2,0,0,0,0,0,0,0,1,0,0,0,0,0,0,0,0,0,2,0,0,0,0,0,0,129.0034734,37.1042575,강원도,태백시
242,평창군보건의료원,강원도 평창군 평창읍 노성로 11,0,0,0,0,0,0,0,0,0,0,0,0,0,0,0,0,0,0,0,0,0,0,0,0,0,0,0,0,0,0,0,0,0,0,0,0,128.390752,37.36894476,강원도,평창군
243,홍천아산병원,강원도 홍천군 홍천읍 산림공원1길 17,0,0,0,0,0,0,0,0,0,0,0,0,0,0,0,0,0,0,0,0,0,0,0,0,0,0,0,0,0,0,0,0,0,0,0,0,127.895432,37.69110576,강원도,홍천군
244,화천군보건의료원,강원도 화천군 화천읍 강변로 111 (화천군보건의료원),0,0,0,0,0,0,0,0,0,0,0,0,0,0,0,0,0,0,0,0,0,0,0,0,0,0,0,0,0,0,0,0,0,0,0,0,127.7091205,38.10734133,강원도,화천군
245,횡성대성병원,강원도 횡성군 횡성읍 횡성로 275,0,1,0,0,0,0,0,0,0,0,0,0,0,0,0,0,0,0,0,1,0,0,0,0,0,0,0,0,0,0,0,0,0,0,0,0,127.9799376,37.47841708,강원도,횡성군
246,의료법인대광의료재단괴산성모병원,충청북도 괴산군 괴산읍 임꺽정로 116,0,2,0,0,0,0,0,0,0,0,0,0,0,0,0,0,0,0,0,0,0,0,0,0,0,0,0,0,0,0,0,0,0,0,0,0,127.7840894,36.81571295,충청북도,괴산군
247,의료법인조윤의료재단영동병원,충청북도 영동군 영동읍 대학로 106,0,0,0,0,0,0,0,0,0,0,0,0,0,0,0,0,0,0,0,0,0,0,0,0,0,0,0,0,0,0,0,0,0,0,0,0,127.7811185,36.18544117,충청북도,영동군
248,의료법인힐링의료재단옥천성모병원,충청북도 옥천군 옥천읍 성왕로 1195,2,1,0,0,0,0,0,0,0,0,0,0,0,0,0,0,0,0,2,1,0,0,0,0,0,0,0,0,0,0,0,0,0,0,0,0,127.5716626,36.31352065,충청북도,옥천군
249,의료법인자산의료재단제천서울병원,충청북도 제천시 숭문로 57 (서부동),0,0,0,0,1,8,0,0,0,0,0,0,0,0,0,0,22,0,0,0,0,0,0,7,0,0,0,0,0,0,0,0,0,0,22,0,128.2060692,37.138879,충청북도,제천시
250,의료법인명지의료재단명지병원,"충청북도 제천시 내토로 991 (고암동, 의료법인 명지의료재단 명지병원)",0,1,0,0,0,0,0,0,0,0,0,0,0,0,0,0,0,0,0,0,0,0,0,0,0,0,0,0,0,0,0,0,0,0,0,0,128.233576,37.16355688,충청북도,제천시
251,의료법인건명의료재단중앙제일병원,충청북도 진천군 진천읍 중앙북로 36,4,2,0,0,0,0,0,0,0,0,6,29,0,0,0,0,26,0,3,2,0,0,0,0,0,0,0,0,3,21,0,0,0,0,21,0,127.4407308,36.85824541,충청북도,진천군
252,의료법인정산의료재단효성병원,충청북도 청주시 상당구 쇠내로 16 (금천동),1,6,0,0,0,0,0,0,0,0,2,0,0,0,0,0,27,0,1,4,0,0,0,0,0,0,0,0,0,0,0,0,0,0,13,0,127.4953397,36.62447526,충청북도,청주시
253,의료법인인화재단한국병원,충청북도 청주시 상당구 단재로 106 (영운동),1,2,0,0,0,0,0,0,0,0,1,0,0,0,0,0,23,3,1,2,0,0,0,0,0,0,0,0,1,0,0,0,0,0,18,3,127.4966911,36.61969285,충청북도,청주시
254,충북대학교병원,충청북도 청주시 서원구 1순환로 776 (개신동),0,0,0,0,2,3,0,0,0,2,1,0,0,0,24,38,0,8,0,0,0,0,0,1,0,0,0,1,1,0,0,0,19,22,0,5,127.461581,36.62416716,충청북도,청주시
255,충청북도청주의료원,충청북도 청주시 서원구 흥덕로 48 (사직동),1,0,0,0,0,0,0,0,0,0,3,2,0,0,0,0,126,0,0,0,0,0,0,0,0,0,0,0,3,0,0,0,0,0,118,0,127.4740206,36.64066119,충청북도,청주시
256,청주성모병원,충청북도 청주시 청원구 주성로 173-19 (주중동),2,5,0,0,0,0,0,0,0,0,1,1,0,0,0,0,22,0,1,3,0,0,0,0,0,0,0,0,1,1,0,0,0,0,19,0,127.4863346,36.67422139,충청북도,청주시
257,재단법인베스티안재단베스티안병원,충청북도 청주시 흥덕구 오송읍 오송생명1로 191-0 (오송읍),0,0,0,0,0,0,0,0,0,0,0,0,0,20,0,10,132,0,0,0,0,0,0,0,0,0,0,0,0,0,0,13,0,9,122,0,127.3216409,36.63642987,충청북도,청주시
258,의료법인한마음의료재단하나병원,충청북도 청주시 흥덕구 2순환로 1262 (가경동),1,2,0,0,0,0,0,0,0,0,2,0,0,0,0,0,19,0,1,2,0,0,0,0,0,0,0,0,1,0,0,0,0,0,17,0,127.4301931,36.62359289,충청북도,청주시
259,건국대학교충주병원,충청북도 충주시 국원대로 82 (교현동),1,2,0,0,0,0,0,0,0,0,0,1,0,0,0,0,38,0,1,1,0,0,0,0,0,0,0,0,0,1,0,0,0,0,36,0,127.9288117,36.9790143,충청북도,충주시
260,충청북도충주의료원,충청북도 충주시 안림로 239-50 (안림동),1,3,0,0,0,0,0,0,0,0,0,0,0,0,0,0,103,0,1,3,0,0,0,0,0,0,0,0,0,0,0,0,0,0,99,0,127.9704035,36.97931427,충청북도,충주시
261,충청남도공주의료원,충청남도 공주시 무령로 77 (웅진동),0,2,0,0,0,0,0,0,0,0,0,6,0,0,0,0,111,0,0,2,0,0,0,0,0,0,0,0,0,3,0,0,0,0,99,0,127.1094953,36.45887779,충청남도,공주시
262,의료법인백제병원,충청남도 논산시 시민로294번길 14 (취암동),1,2,0,0,0,0,0,0,0,0,0,0,0,0,0,0,0,0,1,2,0,0,0,0,0,0,0,0,0,0,0,0,0,0,0,0,127.0938883,36.19196805,충청남도,논산시
263,당진종합병원,충청남도 당진시 반촌로 5-15 (시곡동),1,2,0,0,0,0,0,0,0,0,0,0,0,0,0,0,44,0,1,2,0,0,0,0,0,0,0,0,0,0,0,0,0,0,43,0,126.6837884,36.90453081,충청남도,당진시
264,재단법인아산사회복지재단보령아산병원,충청남도 보령시 죽성로 136 (죽정동),0,0,0,0,0,0,0,0,0,0,0,0,0,0,0,0,0,0,0,0,0,0,0,0,0,0,0,0,0,0,0,0,0,0,0,0,126.6230483,36.38075379,충청남도,보령시
265,학교법인건양교육재단건양대학교부여병원,충청남도 부여군 부여읍 계백로 200,0,3,0,0,0,0,0,0,0,0,0,0,0,0,0,0,0,0,0,3,0,0,0,0,0,0,0,0,0,0,0,0,0,0,0,0,126.9017164,36.27558576,충청남도,부여군
266,충청남도서산의료원,충청남도 서산시 중앙로 149 (석림동),1,2,0,0,0,0,0,0,0,0,0,5,0,0,0,0,126,2,1,1,0,0,0,0,0,0,0,0,0,5,0,0,0,0,121,2,126.4657686,36.77569464,충청남도,서산시
267,서산중앙병원,충청남도 서산시 수석산업로 5 (수석동),1,2,0,0,0,0,0,0,0,0,0,0,0,0,0,0,17,0,1,1,0,0,0,0,0,0,0,0,0,0,0,0,0,0,17,0,126.5035597,36.78110366,충청남도,서산시
268,의료법인서해병원,충청남도 서천군 서천읍 서천로 184 (서천읍),0,0,0,0,0,0,0,0,0,0,0,0,0,0,0,0,0,0,0,0,0,0,0,0,0,0,0,0,0,0,0,0,0,0,0,0,126.6876019,36.08451509,충청남도,서천군
269,아산충무병원,충청남도 아산시 문화로 381 (모종동),0,0,0,0,1,7,0,0,0,0,2,1,0,0,0,0,0,0,0,0,0,0,1,7,0,0,0,0,2,1,0,0,0,0,0,0,127.0196338,36.77910236,충청남도,아산시
270,의료법인예당의료재단예산종합병원,충청남도 예산군 예산읍 금오대로 94,0,1,0,0,0,0,0,0,0,0,0,0,0,0,0,0,0,0,0,1,0,0,0,0,0,0,0,0,0,0,0,0,0,0,0,0,126.8379881,36.69104147,충청남도,예산군
271,단국대학교의과대학부속병원,"충청남도 천안시 동남구 망향로 201 (안서동, 단국대학교의과대학부속병원)",0,0,0,0,2,4,0,0,0,2,1,12,0,0,0,0,0,0,0,0,0,0,1,2,0,0,0,0,0,9,0,0,0,0,0,0,127.1721687,36.84230631,충청남도,천안시
272,학교법인동은학원순천향대학교부속천안병원,충청남도 천안시 동남구 순천향6길 31 (봉명동),0,0,0,1,2,3,0,0,0,0,1,0,0,0,23,12,0,0,0,0,0,0,2,2,0,0,0,0,0,0,0,0,18,9,0,0,127.1351647,36.80280675,충청남도,천안시
273,충청남도천안의료원,충청남도 천안시 동남구 충절로 537 (삼룡동),0,0,0,0,0,0,0,0,0,0,0,0,0,0,0,0,89,0,0,0,0,0,0,0,0,0,0,0,0,0,0,0,0,0,81,0,127.1792758,36.7754886,충청남도,천안시
274,의료법인영서의료재단천안충무병원,충청남도 천안시 서북구 다가말3길 8 (쌍용동),0,0,0,0,1,4,0,0,0,0,3,0,0,0,0,0,0,0,0,0,0,0,1,4,0,0,0,0,3,0,0,0,0,0,0,0,127.1314905,36.79741817,충청남도,천안시
275,청양군보건의료원,충청남도 청양군 청양읍 칠갑산로7길 54,0,1,0,0,0,0,0,0,0,0,0,0,0,0,0,0,0,0,0,1,0,0,0,0,0,0,0,0,0,0,0,0,0,0,0,0,126.8049362,36.45501472,충청남도,청양군
276,태안군보건의료원,충청남도 태안군 태안읍 서해로 1952-16,0,1,0,0,0,0,0,0,0,0,0,0,0,0,0,0,0,0,0,1,0,0,0,0,0,0,0,0,0,0,0,0,0,0,0,0,126.3225356,36.75216784,충청남도,태안군
277,충청남도홍성의료원,충청남도 홍성군 홍성읍 조양로 224,1,2,0,0,0,0,0,0,0,0,1,1,0,0,0,0,91,0,1,1,0,0,0,0,0,0,0,0,0,1,0,0,0,0,84,0,126.6745771,36.59886862,충청남도,홍성군
278,의료법인석천재단고창병원,전라북도 고창군 고창읍 화신1길 9,0,1,0,0,0,0,0,0,0,0,0,0,0,0,0,0,0,0,0,1,0,0,0,0,0,0,0,0,0,0,0,0,0,0,0,0,126.6934283,35.43663849,전라북도,고창군
279,의료법인오성의료재단동군산병원,전라북도 군산시 조촌로 149 (조촌동),1,5,0,0,0,0,0,0,0,0,0,0,0,0,0,0,22,0,1,4,0,0,0,0,0,0,0,0,0,0,0,0,0,0,17,0,126.7365066,35.97767547,전라북도,군산시
280,전라북도군산의료원,"전라북도 군산시 의료원로 27 (지곡동, 군산의료원)",1,2,0,0,0,0,0,0,0,0,0,0,0,0,0,0,286,10,1,2,0,0,0,0,0,0,0,0,0,0,0,0,0,0,226,10,126.7119186,35.95493092,전라북도,군산시
281,김제우석병원,전라북도 김제시 서암4길 45 (서암동),0,1,0,0,0,0,0,0,0,0,0,0,0,0,0,0,0,0,0,1,0,0,0,0,0,0,0,0,0,0,0,0,0,0,0,0,126.8801958,35.80725503,전라북도,김제시
282,전라북도남원의료원,전라북도 남원시 충정로 365 (고죽동),1,2,0,0,0,0,0,0,0,0,0,0,0,0,0,0,0,2,1,2,0,0,0,0,0,0,0,0,0,0,0,0,0,0,0,1,127.40584,35.43302012,전라북도,남원시
283,무주군보건의료원,"전라북도 무주군 무주읍 한풍루로 413, 무주군보건의료원",0,1,0,0,0,0,0,0,0,0,0,0,0,0,0,0,0,0,0,1,0,0,0,0,0,0,0,0,0,0,0,0,0,0,0,0,127.6716991,36.00588008,전라북도,무주군
284,의료법인혜성병원,"전라북도 부안군 부안읍 부령로 33,",0,1,0,0,0,0,0,0,0,0,0,0,0,0,0,0,0,0,0,0,0,0,0,0,0,0,0,0,0,0,0,0,0,0,0,0,126.7461471,35.73278981,전라북도,부안군
285,부안성모병원,전라북도 부안군 부안읍 오정2길 24 (부안읍),0,2,0,0,0,0,0,0,0,0,0,0,0,0,0,0,0,0,0,2,0,0,0,0,0,0,0,0,0,0,0,0,0,0,0,0,126.7347701,35.72453588,전라북도,부안군
286,순창군보건의료원,전라북도 순창군 순창읍 교성로 135 (순창군보건의료원),0,1,0,0,0,0,0,0,0,0,0,0,0,0,0,0,0,0,0,1,0,0,0,0,0,0,0,0,0,0,0,0,0,0,0,0,127.1439012,35.36650074,전라북도,순창군
287,원광대학교병원,전라북도 익산시 무왕로 895 (신동),0,0,0,0,2,3,0,0,0,0,8,3,0,0,0,0,0,0,0,0,0,0,2,1,0,0,0,0,2,3,0,0,0,0,0,0,126.9596717,35.96437472,전라북도,익산시
288,의료법인대산의료재단익산병원,전라북도 익산시 무왕로 969 (신동),1,2,0,0,0,0,0,0,0,0,0,0,0,0,0,0,0,0,1,2,0,0,0,0,0,0,0,0,0,0,0,0,0,0,0,0,126.9665516,35.96172671,전라북도,익산시
289,임실군보건의료원,전라북도 임실군 임실읍 호국로 1680 (임실읍),0,1,0,0,0,0,0,0,0,0,0,0,0,0,0,0,0,0,0,1,0,0,0,0,0,0,0,0,0,0,0,0,0,0,0,0,127.2869771,35.61249962,전라북도,임실군
290,장수군보건의료원,전라북도 장수군 장수읍 장천로 247,0,1,0,0,0,0,0,0,0,0,0,0,0,0,0,0,0,0,0,1,0,0,0,0,0,0,0,0,0,0,0,0,0,0,0,0,127.5196478,35.65461753,전라북도,장수군
291,전북대학교병원,전라북도 전주시 덕진구 건지로 20 (금암동),0,0,0,0,2,5,0,0,2,1,2,29,0,0,0,0,0,9,0,0,0,0,1,3,0,0,2,1,2,21,0,0,0,0,0,1,127.1384946,35.84594598,전라북도,전주시
292,대자인병원,전라북도 전주시 덕진구 견훤로 390 (우아동3가),1,2,0,0,0,0,0,0,0,0,3,0,28,38,72,0,0,0,1,2,0,0,0,0,0,0,0,0,0,0,12,32,62,0,0,0,127.1533154,35.84599082,전라북도,전주시
293,의료법인영경의료재단호성전주병원,전라북도 전주시 덕진구 동부대로 895 (호성동1가),0,1,0,0,0,0,0,0,0,0,0,0,0,0,0,0,0,0,0,1,0,0,0,0,0,0,0,0,0,0,0,0,0,0,0,0,127.1478979,35.86546113,전라북도,전주시
294,의료법인영경의료재단전주병원,"전라북도 전주시 완산구 한두평3길 13 (중화산동2가, 전주병원)",1,2,0,0,0,0,0,0,0,0,0,0,0,0,0,0,0,0,1,2,0,0,0,0,0,0,0,0,0,0,0,0,0,0,0,0,127.1247634,35.81516453,전라북도,전주시
295,재단법인예수병원유지재단예수병원,"전라북도 전주시 완산구 서원로 365 (중화산동1가, 예수병원)",2,3,0,0,0,0,0,0,0,0,0,0,0,0,0,0,0,7,2,2,0,0,0,0,0,0,0,0,0,0,0,0,0,0,0,2,127.1330347,35.8138985,전라북도,전주시
296,재단법인아산사회복지재단정읍아산병원,전라북도 정읍시 충정로 606-22 (용계동),0,0,0,0,0,0,0,0,0,0,0,0,0,0,0,0,0,0,0,-1,0,0,0,0,0,0,0,0,0,0,0,0,0,0,0,0,126.8225692,35.58947124,전라북도,정읍시
297,진안군의료원,전라북도 진안군 진안읍 진무로 1145,0,2,0,0,0,0,0,0,0,0,0,0,0,0,0,0,0,0,0,2,0,0,0,0,0,0,0,0,0,0,0,0,0,0,0,0,127.4320393,35.79510967,전라북도,진안군
298,전라남도강진의료원,전라남도 강진군 강진읍 탐진로 5,2,0,0,0,0,0,0,0,0,0,0,0,0,0,0,0,47,0,2,0,0,0,0,0,0,0,0,0,0,0,0,0,0,0,38,0,126.7581408,34.63749931,전라남도,강진군
299,의료법인영성의료재단고흥종합병원,전라남도 고흥군 고흥읍 고흥로 1935,4,1,0,0,0,0,0,0,0,0,0,0,0,0,0,0,0,0,4,1,0,0,0,0,0,0,0,0,0,0,0,0,0,0,0,0,127.2933967,34.62066202,전라남도,고흥군
300,의료법인장호의료재단녹동현대병원,"전라남도 고흥군 도양읍 차경구렁목길 215,",0,2,0,0,0,0,0,0,0,0,0,0,0,0,0,0,0,0,0,2,0,0,0,0,0,0,0,0,0,0,0,0,0,0,0,0,127.1457197,34.54624084,전라남도,고흥군
301,곡성사랑병원,전라남도 곡성군 곡성읍 곡성로 761,0,1,0,0,0,0,0,0,0,0,0,0,0,0,0,0,0,0,0,1,0,0,0,0,0,0,0,0,0,0,0,0,0,0,0,0,127.2884116,35.27625705,전라남도,곡성군
302,광양사랑병원,전라남도 광양시 공영로 71 (중동),0,1,0,0,0,0,0,0,0,0,0,0,0,0,0,0,0,0,0,1,0,0,0,0,0,0,0,0,0,0,0,0,0,0,0,0,127.6971529,34.93616264,전라남도,광양시
303,구례병원,전라남도 구례군 구례읍 동편제길 4,0,0,0,0,0,0,0,0,0,0,0,0,0,0,0,0,0,0,0,0,0,0,0,0,0,0,0,0,0,0,0,0,0,0,0,0,127.4639626,35.21590852,전라남도,구례군
304,나주종합병원,전라남도 나주시 영산로 5419 (성북동),0,0,0,0,0,0,0,0,0,0,0,0,0,0,0,0,0,0,0,0,0,0,0,0,0,0,0,0,0,0,0,0,0,0,0,0,126.7210465,35.03675652,전라남도,나주시
305,담양사랑병원,전라남도 담양군 담양읍 천변7길 19,2,0,0,0,0,0,0,0,0,0,0,0,0,0,0,0,0,0,2,0,0,0,0,0,0,0,0,0,0,0,0,0,0,0,0,0,126.9828425,35.31521955,전라남도,담양군
306,목포한국병원,전라남도 목포시 영산로 483 (상동),2,3,0,0,0,7,0,0,0,1,0,2,9,1,0,0,24,0,2,3,0,0,0,7,0,0,0,1,0,2,0,1,0,0,11,0,126.4162629,34.80905517,전라남도,목포시
307,의료법인목포구암의료재단 목포중앙병원,전라남도 목포시 영산로 627 (석현동),2,2,0,0,0,0,0,0,0,0,2,0,0,0,0,0,34,5,2,2,0,0,0,0,0,0,0,0,2,0,0,0,0,0,31,5,126.4215956,34.82172314,전라남도,목포시
308,의료법인해민의료재단 세안종합병원,전라남도 목포시 고하대로 795-2 (연산동),0,2,0,0,0,0,0,0,0,0,2,0,0,0,0,0,19,0,0,2,0,0,0,0,0,0,0,0,0,0,0,0,0,0,14,0,126.3802241,34.81692541,전라남도,목포시
309,목포기독병원,전라남도 목포시 백년대로 303 (상동),0,1,0,0,0,0,0,0,0,0,3,0,0,0,0,0,0,2,0,1,0,0,0,0,0,0,0,0,1,0,0,0,0,0,0,1,126.420556,34.80449232,전라남도,목포시
310,전남중앙병원,전라남도 목포시 고하대로 724 (산정동),0,1,0,0,0,0,0,0,0,0,0,0,0,0,0,0,0,0,0,1,0,0,0,0,0,0,0,0,0,0,0,0,0,0,0,0,126.3760145,34.81045063,전라남도,목포시
311,목포시의료원,전라남도 목포시 이로로 18 (용해동),0,1,0,0,0,0,0,0,0,0,0,0,0,0,0,0,70,0,0,1,0,0,0,0,0,0,0,0,0,0,0,0,0,0,57,0,126.4051551,34.8038531,전라남도,목포시
312,대송의료재단무안병원,전라남도 무안군 무안읍 몽탄로 65,0,1,0,0,0,0,0,0,0,0,0,0,0,0,0,0,10,0,0,1,0,0,0,0,0,0,0,0,0,0,0,0,0,0,9,0,126.4893529,34.99169664,전라남도,무안군
313,의료법인삼호의료재단벌교삼호병원,"전라남도 보성군 벌교읍 남하로 12,",0,0,0,0,0,0,0,0,0,0,0,0,0,0,0,0,0,0,0,0,0,0,0,0,0,0,0,0,0,0,0,0,0,0,0,0,127.3462362,34.83355648,전라남도,보성군
314,보성아산병원,전라남도 보성군 미력면 가평길 36-17,0,0,0,0,0,0,0,0,0,0,0,0,0,0,0,0,0,0,0,0,0,0,0,0,0,0,0,0,0,0,0,0,0,0,0,0,127.1045335,34.77588636,전라남도,보성군
315,성가롤로병원,전라남도 순천시 순광로 221 (조례동),0,0,0,0,2,3,0,0,0,4,1,2,9,0,0,0,24,0,0,0,0,0,0,1,0,0,0,0,0,1,3,0,0,0,18,0,127.5441251,34.96524836,전라남도,순천시
316,전라남도순천의료원,전라남도 순천시 서문성터길 2 (매곡동),1,0,0,0,0,0,0,0,0,0,0,3,0,0,0,0,95,0,1,0,0,0,0,0,0,0,0,0,0,0,0,0,0,0,82,0,127.4838456,34.95777871,전라남도,순천시
317,순천제일병원,전라남도 순천시 기적의도서관1길 3 (조례동),0,1,0,0,0,0,0,0,0,0,0,0,0,0,0,0,0,0,0,1,0,0,0,0,0,0,0,0,0,0,0,0,0,0,0,0,127.524469,34.95484772,전라남도,순천시
318,의료법인한국의료재단한국병원,전라남도 순천시 우명길 42 (연향동),0,1,0,0,0,0,0,0,0,0,0,0,0,0,0,0,0,0,0,1,0,0,0,0,0,0,0,0,0,0,0,0,0,0,0,0,127.5121695,34.94784639,전라남도,순천시
319,의료법인신안대우병원,전라남도 신안군 비금면 송치길 155-11,0,1,0,0,0,0,0,0,0,0,0,0,0,0,0,0,0,0,0,1,0,0,0,0,0,0,0,0,0,0,0,0,0,0,0,0,125.9329283,34.72242324,전라남도,신안군
320,여천전남병원,전라남도 여수시 무선로 95 (선원동),1,2,0,0,0,0,0,0,0,0,0,0,0,0,0,0,0,0,1,2,0,0,0,0,0,0,0,0,0,0,0,0,0,0,0,0,127.6542287,34.76902739,전라남도,여수시
321,의료법인한마음의료재단여수제일병원,전라남도 여수시 쌍봉로 70 (학동),0,1,0,0,0,0,0,0,0,0,2,0,0,0,0,0,0,0,0,1,0,0,0,0,0,0,0,0,2,0,0,0,0,0,0,0,127.6635403,34.76597282,전라남도,여수시
322,여수전남병원,"전라남도 여수시 좌수영로 49 (광무동, 전남병원)",0,1,0,0,0,0,0,0,0,0,0,0,0,0,0,0,0,0,0,1,0,0,0,0,0,0,0,0,0,0,0,0,0,0,0,0,127.7277735,34.74499687,전라남도,여수시
323,영광종합병원,"전라남도 영광군 영광읍 와룡로 3,",0,1,0,0,0,0,0,0,0,0,0,0,0,0,0,0,0,2,0,1,0,0,0,0,0,0,0,0,0,0,0,0,0,0,0,2,126.4989876,35.2845509,전라남도,영광군
324,의료법인 거명의료재단 영광기독병원,전라남도 영광군 영광읍 신남로 265,0,1,0,0,0,0,0,0,0,0,0,0,0,0,0,0,0,0,0,1,0,0,0,0,0,0,0,0,0,0,0,0,0,0,0,0,126.5110362,35.27499551,전라남도,영광군
325,영암한국병원,전라남도 영암군 영암읍 오리정길 8,0,1,0,0,0,0,0,0,0,0,0,0,0,0,0,0,0,0,0,0,0,0,0,0,0,0,0,0,0,0,0,0,0,0,0,0,126.7013831,34.79398767,전라남도,영암군
326,의료법인행복나눔의료재단 장성병원,전라남도 장성군 장성읍 역전로 171,0,1,0,0,0,0,0,0,0,0,0,0,0,0,0,0,0,0,0,1,0,0,0,0,0,0,0,0,0,0,0,0,0,0,0,0,126.7832143,35.30602054,전라남도,장성군
327,장흥우리병원,전라남도 장흥군 장흥읍 흥성로 83,0,1,0,0,0,0,0,0,0,0,0,0,0,0,0,0,0,0,0,1,0,0,0,0,0,0,0,0,0,0,0,0,0,0,0,0,126.911213,34.67857513,전라남도,장흥군
328,의료법인 우범의료재단 장흥종합병원,전라남도 장흥군 장흥읍 흥성로 74,0,1,0,0,0,0,0,0,0,0,0,0,0,0,0,0,0,0,0,0,0,0,0,0,0,0,0,0,0,0,0,0,0,0,0,0,126.911232,34.67704888,전라남도,장흥군
329,진도한국병원,전라남도 진도군 진도읍 남문길 48,1,0,0,0,0,0,0,0,0,0,0,0,0,0,0,0,0,0,1,0,0,0,0,0,0,0,0,0,0,0,0,0,0,0,0,0,126.2641438,34.48240816,전라남도,진도군
330,해남우리종합병원,전라남도 해남군 옥천면 해남로 597,0,4,0,0,0,0,0,0,0,0,2,0,0,0,0,0,24,0,0,4,0,0,0,0,0,0,0,0,2,0,0,0,0,0,14,0,126.646605,34.58458913,전라남도,해남군
331,의료법인행촌의료재단 해남종합병원,전라남도 해남군 해남읍 해남로 45,0,1,0,0,0,0,0,0,0,0,0,0,0,0,0,0,18,0,0,1,0,0,0,0,0,0,0,0,0,0,0,0,0,0,12,0,126.6132298,34.57212664,전라남도,해남군
332,화순전남대학교병원,전라남도 화순군 화순읍 서양로 322,0,2,0,0,1,4,0,0,0,0,0,0,0,12,0,17,0,0,0,1,0,0,0,1,0,0,0,0,0,0,0,7,0,8,0,0,127.0032199,35.06117757,전라남도,화순군
333,의료법인서명의료재단세명병원,경상북도 경산시 경안로 208 (중방동),0,2,0,0,0,0,0,0,0,0,0,0,0,0,0,0,0,0,0,0,0,0,0,0,0,0,0,0,0,0,0,0,0,0,0,0,128.7375234,35.82612414,경상북도,경산시
334,의)근원의료재단 경산중앙병원,경상북도 경산시 경안로 11 (백천동),0,2,0,0,0,0,0,0,0,0,2,0,0,0,0,0,0,0,0,2,0,0,0,0,0,0,0,0,2,0,0,0,0,0,0,0,128.7401291,35.80931709,경상북도,경산시
335,동국대학교 의과대학 경주병원,경상북도 경주시 동대로 87 (석장동),0,2,0,0,4,1,0,0,0,0,0,5,0,0,6,0,15,0,0,1,0,0,2,0,0,0,0,0,0,5,0,0,5,0,9,0,129.1965608,35.85831652,경상북도,경주시
336,의료법인고령영생병원,경상북도 고령군 대가야읍 중앙로 33 의료법인영암의료재단고령영생병원 ,0,3,0,0,0,0,0,0,0,0,0,0,0,0,0,0,0,0,0,3,0,0,0,0,0,0,0,0,0,0,0,0,0,0,0,0,128.272263,35.73014963,경상북도,고령군
337,차의과학대학교부속구미차병원,경상북도 구미시 신시로10길 12 (형곡동),0,3,0,0,5,0,0,0,3,0,0,0,0,0,0,0,18,0,0,3,0,0,2,0,0,0,0,0,0,0,0,0,0,0,15,0,128.3407085,36.11459837,경상북도,구미시
338,순천향대학교부속구미병원,경상북도 구미시 1공단로 179 (공단동),1,2,0,0,0,0,0,0,0,0,1,1,0,0,0,0,17,0,0,0,0,0,0,0,0,0,0,0,1,0,0,0,0,0,15,0,128.3828305,36.1034092,경상북도,구미시
339,구미강동병원,경상북도 구미시 인동20길 46 (진평동),0,0,0,0,0,0,0,0,0,0,0,0,0,0,0,0,15,0,0,0,0,0,0,0,0,0,0,0,0,0,0,0,0,0,5,0,128.4227834,36.09620449,경상북도,구미시
340,의료법인 덕산의료재단 김천제일병원,경상북도 김천시 신음1길 12 (신음동),1,5,0,0,0,0,0,0,0,0,0,0,0,0,0,0,30,0,0,5,0,0,0,0,0,0,0,0,0,0,0,0,0,0,11,0,128.1188234,36.13545289,경상북도,김천시
341,경상북도김천의료원,경상북도 김천시 모암길 24 (모암동),1,0,0,0,0,0,0,0,0,0,2,0,0,0,0,0,91,0,0,0,0,0,0,0,0,0,0,0,2,0,0,0,0,0,75,0,128.1265921,36.12251806,경상북도,김천시
342,의료법인동춘의료재단문경제일병원,경상북도 문경시 당교3길 25 (모전동),1,2,0,0,0,0,0,0,0,0,1,4,0,0,0,0,0,0,0,1,0,0,0,0,0,0,0,0,0,1,0,0,0,0,0,0,128.1893293,36.58447586,경상북도,문경시
343,의료법인서일의료재단문경중앙병원,경상북도 문경시 중앙로 117-18 (점촌동),0,0,0,0,0,0,0,0,0,0,0,0,0,0,0,0,0,0,0,0,0,0,0,0,0,0,0,0,0,0,0,0,0,0,0,0,128.1990814,36.59600315,경상북도,문경시
344,의료법인삼백의료재단상주성모병원,경상북도 상주시 냉림서성길 7 (냉림동),0,4,0,0,0,0,0,0,0,0,0,0,0,0,0,0,0,0,0,0,0,0,0,0,0,0,0,0,0,0,0,0,0,0,0,0,128.1597978,36.42063293,경상북도,상주시
345,상주적십자병원,경상북도 상주시 상서문로 53 (남성동),1,0,0,0,0,0,0,0,0,0,0,0,0,0,0,0,82,0,1,0,0,0,0,0,0,0,0,0,0,0,0,0,0,0,66,0,128.1553063,36.41445192,경상북도,상주시
346,성주무강병원,경상북도 성주군 성주읍 성주읍3길 5-3,0,3,0,0,0,0,0,0,0,0,0,0,0,0,0,0,0,0,0,3,0,0,0,0,0,0,0,0,0,0,0,0,0,0,0,0,128.2867089,35.91868868,경상북도,성주군
347,의료법인안동병원,경상북도 안동시 앙실로 11 (수상동),0,0,0,0,2,7,0,0,1,0,3,2,0,0,0,0,51,0,0,0,0,0,2,4,0,0,0,0,0,1,0,0,0,0,34,0,128.7001622,36.54738762,경상북도,안동시
348,안동성소병원,경상북도 안동시 서동문로 99 (금곡동),1,2,0,0,0,0,0,0,0,0,3,2,0,0,0,0,34,5,0,2,0,0,0,0,0,0,0,0,2,1,0,0,0,0,24,5,128.7226698,36.56746519,경상북도,안동시
349,경상북도안동의료원,"경상북도 안동시 태사2길 55 (북문동, 470)",0,2,0,0,0,0,0,0,0,0,0,0,0,0,0,0,143,0,0,2,0,0,0,0,0,0,0,0,0,0,0,0,0,0,127,0,128.7315257,36.5682349,경상북도,안동시
350,영주적십자병원,"경상북도 영주시 대학로 327, 영주적십자병원 (가흥동)",1,0,0,0,0,0,0,0,0,0,0,0,0,0,0,0,142,0,1,0,0,0,0,0,0,0,0,0,0,0,0,0,0,0,95,0,128.6040041,36.82525676,경상북도,영주시
351,영남대학교의과대학부속 영천병원,경상북도 영천시 오수1길 10 (오수동),1,2,0,0,0,0,0,0,0,0,0,0,0,0,0,0,0,0,0,2,0,0,0,0,0,0,0,0,0,0,0,0,0,0,0,0,128.913317,35.9573529,경상북도,영천시
352,예천권병원,경상북도 예천군 예천읍 시장로 136,0,0,0,0,0,0,0,0,0,0,0,0,0,0,0,0,0,0,0,0,0,0,0,0,0,0,0,0,0,0,0,0,0,0,0,0,128.4589856,36.65737661,경상북도,예천군
353,울릉군보건의료원,경상북도 울릉군 울릉읍 울릉순환로 396-18,0,0,0,0,0,0,0,0,0,0,0,0,0,0,0,0,0,0,0,0,0,0,0,0,0,0,0,0,0,0,0,0,0,0,0,0,130.898835,37.48589431,경상북도,울릉군
354,울진군의료원,경상북도 울진군 울진읍 현내항길 71,2,0,0,0,0,0,0,0,0,0,0,2,0,0,0,0,0,0,2,0,0,0,0,0,0,0,0,0,0,2,0,0,0,0,0,0,129.4101643,36.99216043,경상북도,울진군
355,의료법인영제의료재단 영남제일병원,경상북도 의성군 안계면 용기4길 36,0,0,0,0,0,0,0,0,0,0,0,0,0,0,0,0,0,0,0,0,0,0,0,0,0,0,0,0,0,0,0,0,0,0,0,0,128.43401,36.38909286,경상북도,의성군
356,의료법인대남의료재단청도대남병원,경상북도 청도군 화양읍 청화로 79-7,0,0,0,0,0,0,0,0,0,0,0,0,0,0,0,0,0,0,0,0,0,0,0,0,0,0,0,0,0,0,0,0,0,0,0,0,128.7368065,35.64863001,경상북도,청도군
357,청송군보건의료원,경상북도 청송군 청송읍 의료원길 19 (청송읍),0,0,0,0,0,0,0,0,0,0,0,0,0,0,0,0,0,0,0,0,0,0,0,0,0,0,0,0,0,0,0,0,0,0,0,0,129.0517723,36.43114426,경상북도,청송군
358,포항성모병원,경상북도 포항시 남구 대잠동길 17 (대잠동),0,0,0,0,2,3,0,0,0,5,1,1,0,0,0,0,20,10,0,0,0,0,2,3,0,0,0,4,0,0,0,0,0,0,16,9,129.3400885,36.01655488,경상북도,포항시
359,포항세명기독병원,경상북도 포항시 남구 포스코대로 351 (대도동),1,2,0,0,0,0,0,0,0,0,1,2,0,0,8,0,56,6,0,1,0,0,0,0,0,0,0,0,1,2,0,0,1,0,43,5,129.3619152,36.01777975,경상북도,포항시
360,에스포항병원,"경상북도 포항시 남구 희망대로 352 (이동, 에스포항병원)",0,1,0,0,0,0,0,0,0,0,1,0,0,0,0,0,0,0,0,1,0,0,0,0,0,0,0,0,1,0,0,0,0,0,0,0,129.3314016,36.03482392,경상북도,포항시
361,의료법인 은성의료재단 좋은선린병원,경상북도 포항시 북구 대신로 43 (대신동),0,2,0,0,0,0,0,0,0,0,0,0,0,0,0,0,83,0,0,2,0,0,0,0,0,0,0,0,0,0,0,0,0,0,64,0,129.367546,36.04801997,경상북도,포항시
362,경상북도포항의료원,경상북도 포항시 북구 용흥로 36 (용흥동),0,0,0,0,0,0,0,0,0,0,0,0,0,0,0,0,97,0,0,0,0,0,0,0,0,0,0,0,0,0,0,0,0,0,79,0,129.3545666,36.03516531,경상북도,포항시
363,의료법인 성념의료재단맑은샘병원,경상남도 거제시 연초면 거제대로 4477,0,1,0,0,0,0,0,0,0,0,0,0,0,0,0,0,16,0,0,1,0,0,0,0,0,0,0,0,0,0,0,0,0,0,7,0,128.6433031,34.89771213,경상남도,거제시
364,의료법인거붕백병원,경상남도 거제시 계룡로5길 14 (상동동),0,1,0,0,0,0,0,0,0,0,0,0,0,0,0,0,16,0,0,1,0,0,0,0,0,0,0,0,0,0,0,0,0,0,10,0,128.6270728,34.87287878,경상남도,거제시
365,의료법인대우의료재단대우병원,경상남도 거제시 두모길 16 (두모동),0,1,0,0,0,0,0,0,0,0,0,0,0,0,0,0,17,0,0,0,0,0,0,0,0,0,0,0,0,0,0,0,0,0,8,0,128.7216649,34.87234603,경상남도,거제시
366,강병원,경상남도 고성군 고성읍 중앙로 49,0,1,0,0,0,0,0,0,0,0,0,0,0,0,0,0,0,0,0,1,0,0,0,0,0,0,0,0,0,0,0,0,0,0,0,0,128.3253958,34.97422013,경상남도,고성군
367,의료법인보원의료재단경희대학교교육협력중앙병원,경상남도 김해시 분성로 94-8 (외동),1,2,0,0,0,0,0,0,0,0,2,0,0,0,0,0,42,0,1,1,0,0,0,0,0,0,0,0,0,0,0,0,0,0,38,0,128.8570538,35.23085216,경상남도,김해시
368,의료법인환명의료재단조은금강병원,경상남도 김해시 김해대로 1814-37 (삼계동),0,2,0,0,0,0,0,0,0,0,1,0,0,0,0,0,19,0,0,2,0,0,0,0,0,0,0,0,1,0,0,0,0,0,17,0,128.8615376,35.26309338,경상남도,김해시
369,강일병원,경상남도 김해시 가락로 359 (구산동),1,2,0,0,0,0,0,0,0,0,0,0,0,0,0,0,0,0,1,2,0,0,0,0,0,0,0,0,0,0,0,0,0,0,0,0,128.8696102,35.25670211,경상남도,김해시
370,의료법인갑을의료재단갑을장유병원,경상남도 김해시 장유로 167-13 (부곡동),1,0,0,0,0,0,0,0,0,0,0,0,0,0,0,0,40,0,1,0,0,0,0,0,0,0,0,0,0,0,0,0,0,0,31,0,128.8056176,35.20866529,경상남도,김해시
371,의료법인숭인의료재단김해복음병원,경상남도 김해시 활천로 33 (삼정동),1,1,0,0,0,0,0,0,0,0,1,0,0,0,0,0,18,0,1,1,0,0,0,0,0,0,0,0,1,0,0,0,0,0,12,0,128.8931229,35.23096186,경상남도,김해시
372,의료법인이도의료재단남해병원,경상남도 남해군 남해읍 화전로 169,0,0,0,0,0,0,0,0,0,0,0,0,0,0,0,0,0,0,1,0,0,0,0,0,0,0,0,0,0,0,0,0,0,0,0,0,127.8942786,34.84647016,경상남도,남해군
373,의료법인생명사랑의료재단밀양윤병원,경상남도 밀양시 삼문중앙로 32 (삼문동),1,2,0,0,0,0,0,0,0,0,0,0,0,0,0,0,0,0,1,2,0,0,0,0,0,0,0,0,0,0,0,0,0,0,0,0,128.7556227,35.48463461,경상남도,밀양시
374,삼천포제일병원,"경상남도 사천시 중앙로 136, 삼천포제일병원 (벌리동)",0,2,0,0,0,0,0,0,0,0,0,0,0,0,0,0,68,0,0,2,0,0,0,0,0,0,0,0,0,0,0,0,0,0,62,0,128.0794436,34.9371737,경상남도,사천시
375,의료법인승연의료재단삼천포서울병원,경상남도 사천시 남일로 33 (동금동),0,1,0,0,0,0,0,0,0,0,0,0,0,0,0,0,77,0,0,1,0,0,0,0,0,0,0,0,0,0,0,0,0,0,66,0,128.0802547,34.93340399,경상남도,사천시
376,산청군보건의료원,경상남도 산청군 산청읍 중앙로 97,0,1,0,0,0,0,0,0,0,0,0,0,0,0,0,0,0,0,0,1,0,0,0,0,0,0,0,0,0,0,0,0,0,0,0,0,127.8842356,35.41608129,경상남도,산청군
377,양산부산대학교병원,경상남도 양산시 물금읍 금오로 20,0,2,0,0,3,3,0,0,2,2,0,0,0,2,10,20,42,0,0,0,0,0,2,3,0,0,0,1,0,0,0,2,10,20,42,0,129.0056172,35.32789559,경상남도,양산시
378,웅상중앙병원,경상남도 양산시 서창로 59 (명동),1,1,0,0,0,0,0,0,0,0,0,0,0,0,0,0,0,0,1,1,0,0,0,0,0,0,0,0,0,0,0,0,0,0,0,0,129.1641119,35.40667416,경상남도,양산시
379,의령병원,경상남도 의령군 의령읍 의병로14길 10,0,1,0,0,0,0,0,0,0,0,0,0,0,0,0,0,0,0,0,0,0,0,0,0,0,0,0,0,0,0,0,0,0,0,0,0,128.2587299,35.31857632,경상남도,의령군
380,경상국립대학교병원,경상남도 진주시 강남로 79 (칠암동),0,0,0,0,2,3,0,0,0,6,3,0,0,0,18,47,0,16,0,0,0,0,2,2,0,0,0,1,1,0,0,0,17,43,0,6,128.0964108,35.17695567,경상남도,진주시
381,제일병원,경상남도 진주시 진주대로 885 (강남동),1,2,0,0,0,0,0,0,0,0,0,0,0,0,0,0,0,0,1,2,0,0,0,0,0,0,0,0,0,0,0,0,0,0,0,0,128.0899607,35.17913665,경상남도,진주시
382,한일병원,"경상남도 진주시 범골로 17, 지1,1~5,7층 (충무공동)",1,2,0,0,0,0,0,0,0,0,0,0,0,0,0,0,0,0,1,2,0,0,0,0,0,0,0,0,0,0,0,0,0,0,0,0,128.1285473,35.16696464,경상남도,진주시
383,반도병원,경상남도 진주시 남강로 701 (장대동),0,1,0,0,0,0,0,0,0,0,0,0,0,0,0,0,0,0,0,1,0,0,0,0,0,0,0,0,0,0,0,0,0,0,0,0,128.0881406,35.19175695,경상남도,진주시
384,진주복음병원,경상남도 진주시 진양호로 370 (신안동),0,1,0,0,0,0,0,0,0,0,0,0,0,0,0,0,0,0,0,1,0,0,0,0,0,0,0,0,0,0,0,0,0,0,0,0,128.0695429,35.18524756,경상남도,진주시
385,진주고려병원,"경상남도 진주시 동진로 2 (칠암동, 진주고려병원)",0,1,0,0,0,0,0,0,0,0,0,0,0,0,0,0,0,0,0,1,0,0,0,0,0,0,0,0,0,0,0,0,0,0,0,0,128.0919714,35.17851143,경상남도,진주시
386,태황의료재단한성병원,경상남도 창녕군 창녕읍 교리1길 2,0,1,0,0,0,0,0,0,0,0,0,0,0,0,0,0,0,0,0,1,0,0,0,0,0,0,0,0,0,0,0,0,0,0,0,0,128.492149,35.54459491,경상남도,창녕군
387,경상남도마산의료원,경상남도 창원시 마산합포구 3·15대로 231 (중앙동3가),1,1,0,0,0,0,0,0,0,0,0,0,0,0,0,0,87,0,1,1,0,0,0,0,0,0,0,0,0,0,0,0,0,0,74,0,128.5655594,35.19917174,경상남도,창원시
388,의료법인합포의료재단에스엠지연세병원,"경상남도 창원시 마산합포구 3·15대로 76 (월남동2가, 합포의료재단)",0,1,0,0,0,0,0,0,0,0,1,0,0,0,0,0,23,0,0,0,0,0,0,0,0,0,0,0,0,0,0,0,0,0,13,0,128.5616009,35.18631498,경상남도,창원시
389,학교법인성균관대학삼성창원병원,"경상남도 창원시 마산회원구 팔용로 158 (합성동, 삼성창원병원)",0,0,0,0,2,3,0,0,0,1,0,5,15,0,7,8,0,19,0,0,0,0,2,2,0,0,0,1,0,1,10,0,6,2,0,11,128.5930275,35.24307313,경상남도,창원시
390,의료법인청아의료재단청아병원,경상남도 창원시 마산회원구 내서읍 광려천서로 67 (청아병원),0,1,0,0,0,0,0,0,0,0,0,0,0,0,0,0,0,0,0,1,0,0,0,0,0,0,0,0,0,0,0,0,0,0,0,0,128.5093118,35.24765256,경상남도,창원시
391,창원경상국립대학교병원,"경상남도 창원시 성산구 삼정자로 11 (성주동, 창원경상대학교병원)",1,2,0,0,0,0,0,0,0,0,2,0,6,0,0,18,75,7,1,2,0,0,0,0,0,0,0,0,0,0,4,0,0,12,70,7,128.705987,35.19906044,경상남도,창원시
392,근로복지공단 창원병원,경상남도 창원시 성산구 창원대로 721 (중앙동),1,1,0,0,0,0,0,0,0,0,1,0,0,0,0,0,89,0,1,1,0,0,0,0,0,0,0,0,1,0,0,0,0,0,86,0,128.6716238,35.21851731,경상남도,창원시
393,재단법인대구포교성베네딕도수녀회창원파티마병원,경상남도 창원시 의창구 창이대로 45 (명서동),1,2,0,0,0,0,0,0,0,0,0,8,0,0,0,0,22,0,1,0,0,0,0,0,0,0,0,0,0,5,0,0,0,0,13,0,128.6467626,35.23746352,경상남도,창원시
394,창원한마음병원,경상남도 창원시 의창구 용동로57번길 8 (사림동),5,3,0,0,0,0,0,0,0,0,1,6,0,0,0,0,36,0,5,2,0,0,0,0,0,0,0,0,1,4,0,0,0,0,26,0,128.6990236,35.23795551,경상남도,창원시
395,연세에스병원,경상남도 창원시 진해구 해원로32번길 13 (이동),0,1,0,0,0,0,0,0,0,0,0,0,0,0,0,0,19,0,0,1,0,0,0,0,0,0,0,0,0,0,0,0,0,0,19,0,128.6983349,35.15473353,경상남도,창원시
396,새통영병원,경상남도 통영시 무전7길 192 (무전동),0,1,0,0,0,0,0,0,0,0,0,0,0,0,0,0,16,0,0,1,0,0,0,0,0,0,0,0,0,0,0,0,0,0,14,0,128.4206028,34.86540073,경상남도,통영시
397,함양성심병원,경상남도 함양군 함양읍 고운로 70,0,1,0,0,0,0,0,0,0,0,0,0,0,0,0,0,0,0,0,1,0,0,0,0,0,0,0,0,0,0,0,0,0,0,0,0,127.729263,35.520485,경상남도,함양군
398,삼성합천병원,경상남도 합천군 합천읍 대야로 876,0,1,0,0,0,0,0,0,0,0,0,0,0,0,0,0,0,0,0,1,0,0,0,0,0,0,0,0,0,0,0,0,0,0,0,0,128.1633336,35.5664688,경상남도,합천군
399,제주특별자치도서귀포의료원,제주특별자치도 서귀포시 장수로 47 (동홍동),1,4,0,0,0,0,0,0,0,0,0,3,0,0,0,0,64,0,1,4,0,0,0,0,0,0,0,0,0,3,0,0,0,0,63,0,126.5638921,33.25606919,제주특별자치도,서귀포시
400,제주한라병원,"제주특별자치도 제주시 도령로 65, (연동)",0,3,0,0,2,3,0,4,4,2,7,0,0,0,6,3,29,0,0,3,0,0,1,3,0,3,0,0,7,0,0,0,6,1,23,0,126.4852187,33.48965328,제주특별자치도,제주시
401,한마음병원,제주특별자치도 제주시 연신로 52 (이도이동),1,2,0,0,0,0,0,0,0,0,0,0,0,0,0,0,20,0,1,2,0,0,0,0,0,0,0,0,0,0,0,0,0,0,18,0,126.5462387,33.49628679,제주특별자치도,제주시
402,의료법인중앙의료재단중앙병원,제주특별자치도 제주시 월랑로 91 (이호이동),1,2,0,0,0,0,0,0,0,0,1,0,0,0,0,0,16,0,1,1,0,0,0,0,0,0,0,0,1,0,0,0,0,0,15,0,126.4704808,33.49232086,제주특별자치도,제주시
403,제주대학교병원,제주특별자치도 제주시 아란13길 15 (아라일동),0,1,0,0,1,5,0,0,0,0,0,2,4,4,8,24,27,0,0,0,0,0,1,5,0,0,0,0,0,2,4,4,7,19,6,0,126.5452007,33.46720889,제주특별자치도,제주시
404,의료법인 혜인의료재단 한국병원,제주특별자치도 제주시 서광로 193 (삼도일동),0,1,0,0,0,0,0,0,0,0,0,0,0,0,0,0,14,0,0,1,0,0,0,0,0,0,0,0,0,0,0,0,0,0,13,0,126.5167307,33.50039326,제주특별자치도,제주시
